"Header,a,b,c,d,e,f,g,h,I,j,k,l,m,n,o,q,q,q,q,q,q,q,q,q,q"
"QU ANPOCVS .DDLMMXA 122346 DFD FI VS0/AN G-VDOT DT DDL LHR 122346 U03A -
A350,000305,1,1,TB000000/
REP209,82,04;H01,209,82,04,4002,00230,.G-VDOT,5,0,12,12,22,13,58,01,130/
H02,---------,----------,S0285,S0485,CDA170222A/ H03,End of flight/
A01,13527,00910,13593,00913,13593,00910/
A02,06473,19090,06407,19087,06407,19090/ A03,0,0,0,0,0,0/
B01,06647,00099,00000,06647,06647,00000,06595,00099,00000/
B02,23353,29901,04000,13353,13353,04000,23405,29901,04000/
B03,0,0,0,0,0,0,0,0,0/ C01,09579,09579/ C02,10421,10421/ C03,0,0/
D01,00113,00113,00113,00114,00114,00114/
D02,29887,29887,29887,29886,29886,29886/ D03,0,0,0,0,0,0/ E01,00406,00406,00406/
E02,02594,02594,02594/ E03,0,0,0/ F01,00685,00671,00048,00675,00670,00671/
F02,29315,29329,29952,29325,29330,29329/ F03,0,0,0,0,0,0/ G01,00396,00396/
G02,02604,02604/ G03,0,0/ I01,01422,01409/ I02,01578,01591/ I03,0,0/
J01,00301,00301,00300,00301/ J02,02699,02699,02700,02699/ J03,0,0,0,0/
K01,ABM57CDR00NG0B7/ : "
"QU ANPOCVS .DDLMMXA 130204 DFD FI VS9/AN G-VEVE DT DDL JFK 130204 U59A -
A350,000518,1,1,TB000000/
REP209,82,04;H01,209,82,04,4002,00013,.G-VEVE,5,0,13,12,22,02,03,52,130/
H02,---------,----------,S0285,S0585,CDA070322A/ H03,End of flight/
A01,05910,00201,06741,00263,06742,00201/
A02,14090,19799,13259,19737,13258,19799/ A03,0,0,0,0,0,0/
B01,03394,00000,00000,03394,03394,00000,03393,00000,00000/
B02,26606,30000,04000,16606,16606,04000,26607,30000,04000/
B03,0,0,0,0,0,0,0,0,0/ C01,04597,04597/ C02,15403,15403/ C03,0,0/
D01,00044,00000,00000,00044,00000,00000/
D02,19956,20000,20000,19956,20000,20000/ D03,0,0,0,0,0,0/ E01,00177,00000,00000/
E02,19823,20000,20000/ E03,0,0,0/ F01,00279,00000,00000,00279,00000,00000/
F02,19721,20000,20000,19721,20000,20000/ F03,0,0,0,0,0,0/ G01,00099,00099/
G02,19901,19901/ G03,0,0/ I01,02311,02311/ I02,17689,17689/ I03,0,0/
J01,00147,00147,00147,00147/ J02,19853,19853,19853,19853/ J03,0,0,0,0/
K01,ABM46CDR01NG00U/ : "
"QU ANPOCVS .DDLMMXA 130256 DFD FI VS300/AN G-VLIB DT BKK DEL 130256 U28A -
A350,001069,1,1,TB000000/
REP209,82,04;H01,209,82,04,4002,00047,.G-VLIB,5,0,13,12,22,02,53,48,130/
H02,---------,----------,S0285,S0585,CDA070322A/ H03,End of flight/
A01,04955,00196,04955,00196,04955,00196/
A02,15045,19804,15045,19804,15045,19804/ A03,0,0,0,0,0,0/
B01,02540,00000,00000,02541,02541,00000,02541,00000,00000/
B02,27460,30000,04000,17459,17459,04000,27459,30000,04000/
B03,0,0,0,0,0,0,0,0,0/ C01,03435,03435/ C02,16565,16565/ C03,0,0/
D01,00029,00000,00000,00029,00000,00000/
D02,19971,20000,20000,19971,20000,20000/ D03,0,0,0,0,0,0/ E01,00134,00000,00000/
E02,19866,20000,20000/ E03,0,0,0/ F01,00180,00000,00000,00180,00000,00000/
F02,19820,20000,20000,19820,20000,20000/ F03,0,0,0,0,0,0/ G01,00049,00049/
G02,19951,19951/ G03,0,0/ I01,01763,01763/ I02,18237,18237/ I03,0,0/
J01,00114,00113,00114,00113/ J02,19886,19887,19886,19887/ J03,0,0,0,0/
K01,ABM46CDR01NG00U/ : "
"QU ANPOCVS .ANPMMVS 130409 DFD FI VS25/AN G-VPOP DT DDL NET 130408 M00A -
A350,001125,1,1,TB000000/
REP209,82,04;H01,209,82,04,4002,00023,.G-VPOP,5,0,13,12,22,04,08,35,130/
H02,---------,----------,S0285,S0485,CDA170222A/ H03,End of flight/
A01,01689,00092,01488,00076,01689,00092/
A02,18311,19908,18512,19924,18311,19908/ A03,0,0,0,0,0,0/
B01,03054,00000,00000,00755,00755,00000,10570,00000,00000/
B02,26946,30000,04000,19245,19245,04000,19430,30000,04000/
B03,0,0,0,0,0,0,0,0,0/ C01,14355,14355/ C02,05645,05645/ C03,0,0/
D01,00126,00126,00126,00127,00127,00127/
D02,02874,02874,02874,02873,02873,02873/ D03,0,0,0,0,0,0/ E01,00538,00538,00538/
E02,02462,02462,02462/ E03,0,0,0/ F01,00132,00132,00132,00117,00117,00117/
F02,02868,02868,02868,02883,02883,02883/ F03,0,0,0,0,0,0/ G01,00454,00455/
G02,02546,02545/ G03,0,0/ I01,00151,00208/ I02,02849,02792/ I03,0,0/
J01,00421,00421,00421,00421/ J02,02579,02579,02579,02579/ J03,0,0,0,0/
K01,ABM57CDR00NG0B7/ : "
"QU ANPOCVS .DDLMMXA 130510 DFD FI VS411/AN G-VLUX DT DDL LOS 130510 U86A -
A350,001011,1,1,TB000000/
REP209,82,04;H01,209,82,04,4002,00189,.G-VLUX,5,0,13,12,22,05,07,26,130/
H02,---------,----------,S0285,S0485,CDA170222A/ H03,End of flight/
A01,01675,01656,01675,00106,01675,00105/
A02,18325,18344,18325,19894,18325,19895/ A03,0,0,0,0,0,0/
B01,10454,00000,00000,00862,00862,00000,10452,00000,00000/
B02,19546,30000,04000,19138,19138,04000,19548,30000,04000/
B03,0,0,0,0,0,0,0,0,0/ C01,14225,14225/ C02,05775,05775/ C03,0,0/
D01,00135,00135,00135,00135,00135,00135/
D02,02865,02865,02865,02865,02865,02865/ D03,0,0,0,0,0,0/ E01,00546,00546,00546/
E02,02454,02454,02454/ E03,0,0,0/ F01,00079,00155,00991,00986,00551,00988/
F02,02921,02845,02009,02014,02449,02012/ F03,0,0,0,0,0,0/ G01,00438,00438/
G02,02562,02562/ G03,0,0/ I01,01352,00340/ I02,01648,02660/ I03,0,0/
J01,00422,00422,00422,00422/ J02,02578,02578,02578,02578/ J03,0,0,0,0/
K01,ABM57CDR00NG0B7/ : "
"QU ANPOCVS .ANPMMVS 130620 DFD FI VS104/AN G-VTEA DT DDL NET 130620 M00A -
A350,000204,1,1,TB000000/
REP209,82,04;H01,209,82,04,4002,00043,.G-VTEA,5,0,13,12,22,06,20,16,130/
H02,---------,----------,S0285,S0585,CDA070322A/ H03,End of flight/
A01,13405,00732,13414,00732,13405,00732/
A02,06595,19268,06586,19268,06595,19268/ A03,0,0,0,0,0,0/
B01,06510,00000,00000,06518,06518,00000,06510,00000,00000/
B02,23490,30000,04000,13482,13482,04000,23490,30000,04000/
B03,0,0,0,0,0,0,0,0,0/ C01,08805,08805/ C02,11195,11195/ C03,0,0/
D01,00081,00000,00000,00080,00000,00000/
D02,19919,20000,20000,19920,20000,20000/ D03,0,0,0,0,0,0/ E01,00322,00000,00000/
E02,19678,20000,20000/ E03,0,0,0/ F01,00705,00000,00000,00709,00000,00000/
F02,19295,20000,20000,19291,20000,20000/ F03,0,0,0,0,0,0/ G01,00271,00280/
G02,19729,19720/ G03,0,0/ I01,04923,04923/ I02,15077,15077/ I03,0,0/
J01,00242,00242,00242,00242/ J02,19758,19758,19758,19758/ J03,0,0,0,0/
K01,ABM46CDR01NG00U/ : "
"QU ANPOCVS .ANPMMVS 130633 DFD FI VS4/AN G-VJAM DT DDL NET 130633 M00A -
A350,000300,1,1,TB000000/
REP209,82,04;H01,209,82,04,4002,00145,.G-VJAM,5,0,13,12,22,06,33,13,130/
H02,---------,----------,S0285,S0485,CDA170222A/ H03,End of flight/
A01,00011,00522,20015,01842,20015,01842/
A02,19989,19478,00000,18158,00000,18158/ A03,0,0,1,0,1,0/
B01,09905,00000,00000,09871,09871,00000,09905,00000,00000/
B02,20095,30000,04000,10129,10129,04000,20095,30000,04000/
B03,0,0,0,0,0,0,0,0,0/ C01,13450,13450/ C02,06550,06550/ C03,0,0/
D01,00122,00000,00000,00119,00000,00000/
D02,19878,20000,20000,19881,20000,20000/ D03,0,0,0,0,0,0/ E01,00480,00000,00000/
E02,19520,20000,20000/ E03,0,0,0/ F01,00946,00000,00000,00946,00000,00000/
F02,19054,20000,20000,19054,20000,20000/ F03,0,0,0,0,0,0/ G01,00425,00425/
G02,19575,19575/ G03,0,0/ I01,01320,07821/ I02,18680,12179/ I03,0,0/
J01,00364,00364,00364,00364/ J02,19636,19636,19636,19636/ J03,0,0,0,0/
K01,ABM57CDR00NG0B7/ : "
"QU ANPOCVS .ANPMMVS 130856 DFD FI VS138/AN G-VPRD DT DDL NET 130855 M00A -
A350,000734,1,1,TB000000/
REP209,82,04;H01,209,82,04,4002,00177,.G-VPRD,5,0,13,12,22,08,55,00,130/
H02,---------,----------,S0285,S0485,CDA170222A/ H03,End of flight/
A01,01391,01366,01391,00089,01391,01366/
A02,18609,18634,18609,19911,18609,18634/ A03,0,0,0,0,0,0/
B01,08508,00000,00000,00676,00676,00000,10088,00000,00000/
B02,21492,30000,04000,19324,19324,04000,19912,30000,04000/
B03,0,0,0,0,0,0,0,0,0/ C01,13699,13699/ C02,06301,06301/ C03,0,0/
D01,00128,00000,00000,00128,00000,00000/
D02,19872,20000,20000,19872,20000,20000/ D03,0,0,0,0,0,0/ E01,00509,00000,00000/
E02,19491,20000,20000/ E03,0,0,0/ F01,00939,00000,00000,00939,00000,00000/
F02,19061,20000,20000,19061,20000,20000/ F03,0,0,0,0,0,0/ G01,00447,00447/
G02,19553,19553/ G03,0,0/ I01,08877,07861/ I02,11123,12139/ I03,0,0/
J01,00389,00389,00389,00389/ J02,19611,19611,19611,19611/ J03,0,0,0,0/
K01,ABM57CDR00NG0B7/ : "
"QU ANPOCVS .ANPMMVS 131131 DFD FI VS10/AN G-VEVE DT DDL NET 131127 M00A -
A350,000584,1,1,TB000000/
REP209,82,04;H01,209,82,04,4002,00014,.G-VEVE,5,0,13,12,22,11,25,52,130/
H02,---------,----------,S0285,S0585,CDA070322A/ H03,End of flight/
A01,05919,00201,06751,00263,06751,00201/
A02,14081,19799,13249,19737,13249,19799/ A03,0,0,0,0,0,0/
B01,03399,00000,00000,03399,03399,00000,03398,00000,00000/
B02,26601,30000,04000,16601,16601,04000,26602,30000,04000/
B03,0,0,0,0,0,0,0,0,0/ C01,04604,04604/ C02,15396,15396/ C03,0,0/
D01,00044,00000,00000,00044,00000,00000/
D02,19956,20000,20000,19956,20000,20000/ D03,0,0,0,0,0,0/ E01,00178,00000,00000/
E02,19822,20000,20000/ E03,0,0,0/ F01,00279,00000,00000,00279,00000,00000/
F02,19721,20000,20000,19721,20000,20000/ F03,0,0,0,0,0,0/ G01,00099,00099/
G02,19901,19901/ G03,0,0/ I01,02314,02314/ I02,17686,17686/ I03,0,0/
J01,00147,00147,00147,00147/ J02,19853,19853,19853,19853/ J03,0,0,0,0/
K01,ABM46CDR01NG00U/ : "
"QU ANPOCVS .ANPMMVS 131213 DFD FI VS8/AN G-VRNB DT DDL NET 131210 M00A -
A350,000341,1,1,TB000000/
REP209,82,04;H01,209,82,04,4002,00053,.G-VRNB,5,0,13,12,22,12,10,15,130/
H02,---------,----------,S0285,S0485,CDA170222A/ H03,End of flight/
A01,13383,00662,13385,00662,13383,00662/
A02,06617,19338,06615,19338,06617,19338/ A03,0,0,0,0,0,0/
B01,06480,00000,00000,06481,06481,00000,06478,00000,00000/
B02,23520,30000,04000,13519,13519,04000,23522,30000,04000/
B03,0,0,0,0,0,0,0,0,0/ C01,08777,08777/ C02,11223,11223/ C03,0,0/
D01,00085,00000,00000,00085,00000,00000/
D02,19915,20000,20000,19915,20000,20000/ D03,0,0,0,0,0,0/ E01,00302,00000,00000/
E02,19698,20000,20000/ E03,0,0,0/ F01,00678,00000,00000,00678,00000,00000/
F02,19322,20000,20000,19322,20000,20000/ F03,0,0,0,0,0,0/ G01,00313,00306/
G02,19687,19694/ G03,0,0/ I01,04910,04910/ I02,15090,15090/ I03,0,0/
J01,00228,00228,00228,00228/ J02,19772,19772,19772,19772/ J03,0,0,0,0/
K01,ABM57CDR00NG0B7/ : "
"QU ANPOCVS .ANPMMVS 131534 DFD FI VS412/AN G-VLUX DT DDL NET 131533 M00A -
A350,001082,1,1,TB000000/
REP209,82,04;H01,209,82,04,4002,00190,.G-VLUX,5,0,13,12,22,15,32,49,130/
H02,---------,----------,S0285,S0485,CDA170222A/ H03,End of flight/
A01,01685,01656,01686,00106,01686,00105/
A02,18315,18344,18314,19894,18314,19895/ A03,0,0,0,0,0,0/
B01,10459,00000,00000,00866,00866,00000,10457,00000,00000/
B02,19541,30000,04000,19134,19134,04000,19543,30000,04000/
B03,0,0,0,0,0,0,0,0,0/ C01,14231,14231/ C02,05769,05769/ C03,0,0/
D01,00135,00135,00135,00135,00135,00135/
D02,02865,02865,02865,02865,02865,02865/ D03,0,0,0,0,0,0/ E01,00547,00547,00546/
E02,02453,02453,02454/ E03,0,0,0/ F01,00082,00158,00994,00989,00554,00990/
F02,02918,02842,02006,02011,02446,02010/ F03,0,0,0,0,0,0/ G01,00438,00438/
G02,02562,02562/ G03,0,0/ I01,01354,00342/ I02,01646,02658/ I03,0,0/
J01,00422,00422,00422,00422/ J02,02578,02578,02578,02578/ J03,0,0,0,0/
K01,ABM57CDR00NG0B7/ : "
"QU ANPOCVS .ANPMMVS 131552 DFD FI VS0301/AN G-VLIB DT DDL NET 131551 M00A -
A350,001129,1,1,TB000000/
REP209,82,04;H01,209,82,04,4002,00048,.G-VLIB,5,0,13,12,22,15,51,33,130/
H02,---------,----------,S0285,S0585,CDA070322A/ H03,End of flight/
A01,04968,00196,04968,00196,04968,00196/
A02,15032,19804,15032,19804,15032,19804/ A03,0,0,0,0,0,0/
B01,02548,00000,00000,02548,02548,00000,02548,00000,00000/
B02,27452,30000,04000,17452,17452,04000,27452,30000,04000/
B03,0,0,0,0,0,0,0,0,0/ C01,03445,03445/ C02,16555,16555/ C03,0,0/
D01,00030,00000,00000,00030,00000,00000/
D02,19970,20000,20000,19970,20000,20000/ D03,0,0,0,0,0,0/ E01,00135,00000,00000/
E02,19865,20000,20000/ E03,0,0,0/ F01,00181,00000,00000,00181,00000,00000/
F02,19819,20000,20000,19819,20000,20000/ F03,0,0,0,0,0,0/ G01,00049,00049/
G02,19951,19951/ G03,0,0/ I01,01766,01766/ I02,18234,18234/ I03,0,0/
J01,00114,00114,00114,00114/ J02,19886,19886,19886,19886/ J03,0,0,0,0/
K01,ABM46CDR01NG00U/ : "
"QU ANPOCVS .ANPMMVS 131640 DFD FI VS3/AN G-VTEA DT DDL NET 131640 M00A -
A350,000265,1,1,TB000000/
REP209,82,04;H01,209,82,04,4002,00044,.G-VTEA,5,0,13,12,22,16,40,15,130/
H02,---------,----------,S0285,S0585,CDA070322A/ H03,End of flight/
A01,13416,00732,13425,00732,13415,00732/
A02,06584,19268,06575,19268,06585,19268/ A03,0,0,0,0,0,0/
B01,06516,00000,00000,06523,06523,00000,06516,00000,00000/
B02,23484,30000,04000,13477,13477,04000,23484,30000,04000/
B03,0,0,0,0,0,0,0,0,0/ C01,08812,08812/ C02,11188,11188/ C03,0,0/
D01,00081,00000,00000,00081,00000,00000/
D02,19919,20000,20000,19919,20000,20000/ D03,0,0,0,0,0,0/ E01,00322,00000,00000/
E02,19678,20000,20000/ E03,0,0,0/ F01,00705,00000,00000,00709,00000,00000/
F02,19295,20000,20000,19291,20000,20000/ F03,0,0,0,0,0,0/ G01,00271,00280/
G02,19729,19720/ G03,0,0/ I01,04927,04926/ I02,15073,15074/ I03,0,0/
J01,00242,00242,00242,00242/ J02,19758,19758,19758,19758/ J03,0,0,0,0/
K01,ABM46CDR01NG00U/ : "
"QU ANPOCVS .ANPMMVS 131844 DFD FI VS103/AN G-VJAM DT DDL NET 131843 M00A -
A350,000378,1,1,TB000000/
REP209,82,04;H01,209,82,04,4002,00146,.G-VJAM,5,0,13,12,22,18,42,43,130/
H02,---------,----------,S0285,S0485,CDA170222A/ H03,End of flight/
A01,00011,00534,20015,01854,20015,01854/
A02,19989,19466,00000,18146,00000,18146/ A03,0,0,1,0,1,0/
B01,09912,00000,00000,09877,09877,00000,09912,00000,00000/
B02,20088,30000,04000,10123,10123,04000,20088,30000,04000/
B03,0,0,0,0,0,0,0,0,0/ C01,13459,13459/ C02,06541,06541/ C03,0,0/
D01,00122,00000,00000,00119,00000,00000/
D02,19878,20000,20000,19881,20000,20000/ D03,0,0,0,0,0,0/ E01,00481,00000,00000/
E02,19519,20000,20000/ E03,0,0,0/ F01,00946,00000,00000,00946,00000,00000/
F02,19054,20000,20000,19054,20000,20000/ F03,0,0,0,0,0,0/ G01,00425,00425/
G02,19575,19575/ G03,0,0/ I01,01320,07821/ I02,18680,12179/ I03,0,0/
J01,00364,00364,00364,00364/ J02,19636,19636,19636,19636/ J03,0,0,0,0/
K01,ABM57CDR00NG0B7/ : "
"QU ANPOCVS .ANPMMVS 132020 DFD FI VS26/AN G-VPOP DT DDL NET 132020 M00A -
A350,001194,1,1,TB000000/
REP209,82,04;H01,209,82,04,4002,00024,.G-VPOP,5,0,13,12,22,20,18,43,130/
H02,---------,----------,S0285,S0485,CDA170222A/ H03,End of flight/
A01,01705,00092,01504,00076,01705,00092/
A02,18295,19908,18496,19924,18295,19908/ A03,0,0,0,0,0,0/
B01,03059,00000,00000,00760,00760,00000,10575,00000,00000/
B02,26941,30000,04000,19240,19240,04000,19425,30000,04000/
B03,0,0,0,0,0,0,0,0,0/ C01,14362,14362/ C02,05638,05638/ C03,0,0/
D01,00126,00126,00126,00127,00127,00127/
D02,02874,02874,02874,02873,02873,02873/ D03,0,0,0,0,0,0/ E01,00538,00538,00538/
E02,02462,02462,02462/ E03,0,0,0/ F01,00133,00133,00133,00118,00118,00118/
F02,02867,02867,02867,02882,02882,02882/ F03,0,0,0,0,0,0/ G01,00454,00455/
G02,02546,02545/ G03,0,0/ I01,00161,00218/ I02,02839,02782/ I03,0,0/
J01,00422,00422,00422,00422/ J02,02578,02578,02578,02578/ J03,0,0,0,0/
K01,ABM57CDR00NG0B7/ : "
"QU ANPOCVS .ANPMMVS 132104 DFD FI VS45/AN G-VDOT DT DDL NET 132103 M00A -
A350,000091,1,1,TB000000/
REP209,82,04;H01,209,82,04,4002,00231,.G-VDOT,5,0,13,12,22,21,03,39,130/
H02,---------,----------,S0285,S0485,CDA170222A/ H03,End of flight/
A01,13543,00910,13609,00913,13608,00910/
A02,06457,19090,06391,19087,06392,19090/ A03,0,0,0,0,0,0/
B01,06653,00099,00000,06653,06653,00000,06601,00099,00000/
B02,23347,29901,04000,13347,13347,04000,23399,29901,04000/
B03,0,0,0,0,0,0,0,0,0/ C01,09588,09588/ C02,10412,10412/ C03,0,0/
D01,00113,00113,00113,00114,00114,00114/
D02,29887,29887,29887,29886,29886,29886/ D03,0,0,0,0,0,0/ E01,00406,00406,00406/
E02,02594,02594,02594/ E03,0,0,0/ F01,00685,00672,00048,00000,00000,00000/
F02,29315,29328,29952,30000,30000,30000/ F03,0,0,0,0,0,0/ G01,00397,00397/
G02,02603,02603/ G03,0,0/ I01,00005,01409/ I02,02995,01591/ I03,0,0/
J01,00301,00301,00300,00301/ J02,02699,02699,02700,02699/ J03,0,0,0,0/
K01,ABM57CDR00NG0B7/ : "
"QU ANPOCVS .DDLMMXA 132116 DFD FI VS0/AN G-VRNB DT DDL LHR 132116 U02A -
A350,000341,1,1,TB000000/
REP209,82,04;H01,209,82,04,4002,00053,.G-VRNB,5,0,13,12,22,12,10,15,130/
H02,---------,----------,S0285,S0485,CDA170222A/ H03,End of flight/
A01,13383,00662,13385,00662,13383,00662/
A02,06617,19338,06615,19338,06617,19338/ A03,0,0,0,0,0,0/
B01,06480,00000,00000,06481,06481,00000,06478,00000,00000/
B02,23520,30000,04000,13519,13519,04000,23522,30000,04000/
B03,0,0,0,0,0,0,0,0,0/ C01,08777,08777/ C02,11223,11223/ C03,0,0/
D01,00085,00000,00000,00085,00000,00000/
D02,19915,20000,20000,19915,20000,20000/ D03,0,0,0,0,0,0/ E01,00302,00000,00000/
E02,19698,20000,20000/ E03,0,0,0/ F01,00678,00000,00000,00678,00000,00000/
F02,19322,20000,20000,19322,20000,20000/ F03,0,0,0,0,0,0/ G01,00313,00306/
G02,19687,19694/ G03,0,0/ I01,04910,04910/ I02,15090,15090/ I03,0,0/
J01,00228,00228,00228,00228/ J02,19772,19772,19772,19772/ J03,0,0,0,0/
K01,ABM57CDR00NG0B7/ : "
"QU ANPOCVS .ANPMMVS 132209 DFD FI VS9/AN G-VLIB DT DDL NET 132208 M00A -
A350,001129,1,1,TB000000/
REP209,82,04;H01,209,82,04,4002,00048,.G-VLIB,5,0,13,12,22,15,51,33,130/
H02,---------,----------,S0285,S0585,CDA070322A/ H03,End of flight/
A01,04968,00196,04968,00196,04968,00196/
A02,15032,19804,15032,19804,15032,19804/ A03,0,0,0,0,0,0/
B01,02548,00000,00000,02548,02548,00000,02548,00000,00000/
B02,27452,30000,04000,17452,17452,04000,27452,30000,04000/
B03,0,0,0,0,0,0,0,0,0/ C01,03445,03445/ C02,16555,16555/ C03,0,0/
D01,00030,00000,00000,00030,00000,00000/
D02,19970,20000,20000,19970,20000,20000/ D03,0,0,0,0,0,0/ E01,00135,00000,00000/
E02,19865,20000,20000/ E03,0,0,0/ F01,00181,00000,00000,00181,00000,00000/
F02,19819,20000,20000,19819,20000,20000/ F03,0,0,0,0,0,0/ G01,00049,00049/
G02,19951,19951/ G03,0,0/ I01,01766,01766/ I02,18234,18234/ I03,0,0/
J01,00114,00114,00114,00114/ J02,19886,19886,19886,19886/ J03,0,0,0,0/
K01,ABM46CDR01NG00U/ : "
"QU ANPOCVS .ANPMMVS 132322 DFD FI VS7/AN G-VPRD DT DDL NET 132322 M00A -
A350,000808,1,1,TB000000/
REP209,82,04;H01,209,82,04,4002,00178,.G-VPRD,5,0,13,12,22,23,21,31,130/
H02,---------,----------,S0285,S0485,CDA170222A/ H03,End of flight/
A01,01406,01366,01406,00089,01406,01366/
A02,18594,18634,18594,19911,18594,18634/ A03,0,0,0,0,0,0/
B01,08516,00000,00000,00684,00684,00000,10096,00000,00000/
B02,21484,30000,04000,19316,19316,04000,19904,30000,04000/
B03,0,0,0,0,0,0,0,0,0/ C01,13710,13710/ C02,06290,06290/ C03,0,0/
D01,00128,00000,00000,00128,00000,00000/
D02,19872,20000,20000,19872,20000,20000/ D03,0,0,0,0,0,0/ E01,00509,00000,00000/
E02,19491,20000,20000/ E03,0,0,0/ F01,00939,00000,00000,00939,00000,00000/
F02,19061,20000,20000,19061,20000,20000/ F03,0,0,0,0,0,0/ G01,00447,00447/
G02,19553,19553/ G03,0,0/ I01,08877,07861/ I02,11123,12139/ I03,0,0/
J01,00389,00389,00389,00389/ J02,19611,19611,19611,19611/ J03,0,0,0,0/
K01,ABM57CDR00NG0B7/ : "
"QU ANPOCVS .DDLMMXA 132347 DFD FI VS7/AN G-VPRD DT DDL LAX 132347 U33A -
A350,000808,1,1,TB000000/
REP209,82,04;H01,209,82,04,4002,00178,.G-VPRD,5,0,13,12,22,23,21,31,130/
H02,---------,----------,S0285,S0485,CDA170222A/ H03,End of flight/
A01,01406,01366,01406,00089,01406,01366/
A02,18594,18634,18594,19911,18594,18634/ A03,0,0,0,0,0,0/
B01,08516,00000,00000,00684,00684,00000,10096,00000,00000/
B02,21484,30000,04000,19316,19316,04000,19904,30000,04000/
B03,0,0,0,0,0,0,0,0,0/ C01,13710,13710/ C02,06290,06290/ C03,0,0/
D01,00128,00000,00000,00128,00000,00000/
D02,19872,20000,20000,19872,20000,20000/ D03,0,0,0,0,0,0/ E01,00509,00000,00000/
E02,19491,20000,20000/ E03,0,0,0/ F01,00939,00000,00000,00939,00000,00000/
F02,19061,20000,20000,19061,20000,20000/ F03,0,0,0,0,0,0/ G01,00447,00447/
G02,19553,19553/ G03,0,0/ I01,08877,07861/ I02,11123,12139/ I03,0,0/
J01,00389,00389,00389,00389/ J02,19611,19611,19611,19611/ J03,0,0,0,0/
K01,ABM57CDR00NG0B7/ : "
"QU ANPOCVS .DDLMMXA 140152 DFD FI VS9/AN G-VLIB DT DDL XXH 140152 U42A -
A350,001203,1,1,TB000000/
REP209,82,04;H01,209,82,04,4002,00049,.G-VLIB,5,0,14,12,22,01,47,52,130/
H02,---------,----------,S0285,S0585,CDA070322A/ H03,End of flight/
A01,04977,00196,04977,00196,04977,00196/
A02,15023,19804,15023,19804,15023,19804/ A03,0,0,0,0,0,0/
B01,02553,00000,00000,02554,02554,00000,02554,00000,00000/
B02,27447,30000,04000,17446,17446,04000,27446,30000,04000/
B03,0,0,0,0,0,0,0,0,0/ C01,03452,03452/ C02,16548,16548/ C03,0,0/
D01,00030,00000,00000,00030,00000,00000/
D02,19970,20000,20000,19970,20000,20000/ D03,0,0,0,0,0,0/ E01,00135,00000,00000/
E02,19865,20000,20000/ E03,0,0,0/ F01,00182,00000,00000,00182,00000,00000/
F02,19818,20000,20000,19818,20000,20000/ F03,0,0,0,0,0,0/ G01,00049,00049/
G02,19951,19951/ G03,0,0/ I01,01770,01770/ I02,18230,18230/ I03,0,0/
J01,00114,00114,00114,00114/ J02,19886,19886,19886,19886/ J03,0,0,0,0/
K01,ABM46CDR01NG00U/ : "
"QU ANPOCVS .DDLMMXA 140256 DFD FI VS300/AN G-VEVE DT BKK DEL 140256 U83A -
A350,000654,1,1,TB000000/
REP209,82,04;H01,209,82,04,4002,00015,.G-VEVE,5,0,14,12,22,02,51,10,130/
H02,---------,----------,S0285,S0585,CDA070322A/ H03,End of flight/
A01,05935,00201,06766,00263,06766,00201/
A02,14065,19799,13234,19737,13234,19799/ A03,0,0,0,0,0,0/
B01,03406,00000,00000,03405,03405,00000,03405,00000,00000/
B02,26594,30000,04000,16595,16595,04000,26595,30000,04000/
B03,0,0,0,0,0,0,0,0,0/ C01,04612,04612/ C02,15388,15388/ C03,0,0/
D01,00044,00000,00000,00044,00000,00000/
D02,19956,20000,20000,19956,20000,20000/ D03,0,0,0,0,0,0/ E01,00178,00000,00000/
E02,19822,20000,20000/ E03,0,0,0/ F01,00279,00000,00000,00279,00000,00000/
F02,19721,20000,20000,19721,20000,20000/ F03,0,0,0,0,0,0/ G01,00099,00099/
G02,19901,19901/ G03,0,0/ I01,02322,02322/ I02,17678,17678/ I03,0,0/
J01,00147,00147,00147,00147/ J02,19853,19853,19853,19853/ J03,0,0,0,0/
K01,ABM46CDR01NG00U/ : "
"QU ANPOCVS .DDLMMXA 140346 DFD FI VS25/AN G-VLUX DT DDL JFK 140346 U07A -
A350,001151,1,1,TB000000/
REP209,82,04;H01,209,82,04,4002,00191,.G-VLUX,5,0,14,12,22,03,46,04,130/
H02,---------,----------,S0285,S0485,CDA170222A/ H03,End of flight/
A01,01697,01656,01698,00106,01698,00105/
A02,18303,18344,18302,19894,18302,19895/ A03,0,0,0,0,0,0/
B01,10465,00000,00000,00872,00872,00000,10462,00000,00000/
B02,19535,30000,04000,19128,19128,04000,19538,30000,04000/
B03,0,0,0,0,0,0,0,0,0/ C01,14238,14238/ C02,05762,05762/ C03,0,0/
D01,00135,00135,00135,00135,00135,00135/
D02,02865,02865,02865,02865,02865,02865/ D03,0,0,0,0,0,0/ E01,00547,00547,00547/
E02,02453,02453,02453/ E03,0,0,0/ F01,00082,00158,00995,00989,00554,00991/
F02,02918,02842,02005,02011,02446,02009/ F03,0,0,0,0,0,0/ G01,00439,00439/
G02,02561,02561/ G03,0,0/ I01,01359,00348/ I02,01641,02652/ I03,0,0/
J01,00422,00422,00422,00422/ J02,02578,02578,02578,02578/ J03,0,0,0,0/
K01,ABM57CDR00NG0B7/ : "
"QU ANPOCVS .ANPMMVS 140523 DFD FI VS411/AN G-VPOP DT DDL NET 140523 M00A -
A350,001261,1,1,TB000000/
REP209,82,04;H01,209,82,04,4002,00025,.G-VPOP,5,0,14,12,22,05,22,29,130/
H02,---------,----------,S0285,S0485,CDA170222A/ H03,End of flight/
A01,01714,00092,01513,00076,01714,00092/
A02,18286,19908,18487,19924,18286,19908/ A03,0,0,0,0,0,0/
B01,03064,00000,00000,00765,00765,00000,10580,00000,00000/
B02,26936,30000,04000,19235,19235,04000,19420,30000,04000/
B03,0,0,0,0,0,0,0,0,0/ C01,14368,14368/ C02,05632,05632/ C03,0,0/
D01,00126,00126,00126,00127,00127,00127/
D02,02874,02874,02874,02873,02873,02873/ D03,0,0,0,0,0,0/ E01,00538,00538,00538/
E02,02462,02462,02462/ E03,0,0,0/ F01,00134,00134,00134,00120,00120,00120/
F02,02866,02866,02866,02880,02880,02880/ F03,0,0,0,0,0,0/ G01,00454,00455/
G02,02546,02545/ G03,0,0/ I01,00165,00221/ I02,02835,02779/ I03,0,0/
J01,00422,00422,00422,00422/ J02,02578,02578,02578,02578/ J03,0,0,0,0/
K01,ABM57CDR00NG0B7/ : "
"QU ANPOCVS .ANPMMVS 140621 DFD FI VS4/AN G-VTEA DT DDL NET 140620 M00A -
A350,000332,1,1,TB000000/
REP209,82,04;H01,209,82,04,4002,00045,.G-VTEA,5,0,14,12,22,06,20,45,130/
H02,---------,----------,S0285,S0585,CDA070322A/ H03,End of flight/
A01,13429,00732,13438,00732,13429,00732/
A02,06571,19268,06562,19268,06571,19268/ A03,0,0,0,0,0,0/
B01,06521,00000,00000,06528,06528,00000,06521,00000,00000/
B02,23479,30000,04000,13472,13472,04000,23479,30000,04000/
B03,0,0,0,0,0,0,0,0,0/ C01,08819,08819/ C02,11181,11181/ C03,0,0/
D01,00081,00000,00000,00081,00000,00000/
D02,19919,20000,20000,19919,20000,20000/ D03,0,0,0,0,0,0/ E01,00322,00000,00000/
E02,19678,20000,20000/ E03,0,0,0/ F01,00706,00000,00000,00710,00000,00000/
F02,19294,20000,20000,19290,20000,20000/ F03,0,0,0,0,0,0/ G01,00271,00280/
G02,19729,19720/ G03,0,0/ I01,04934,04934/ I02,15066,15066/ I03,0,0/
J01,00242,00242,00242,00242/ J02,19758,19758,19758,19758/ J03,0,0,0,0/
K01,ABM46CDR01NG00U/ : "
"QU ANPOCVS .ANPMMVS 140629 DFD FI VS104/AN G-VJAM DT DDL NET 140628 M00A -
A350,000457,1,1,TB000000/
REP209,82,04;H01,209,82,04,4002,00147,.G-VJAM,5,0,14,12,22,06,28,37,130/
H02,---------,----------,S0285,S0485,CDA170222A/ H03,End of flight/
A01,00011,00546,20015,01866,20015,01866/
A02,19989,19454,00000,18134,00000,18134/ A03,0,0,1,0,1,0/
B01,09918,00000,00000,09883,09883,00000,09918,00000,00000/
B02,20082,30000,04000,10117,10117,04000,20082,30000,04000/
B03,0,0,0,0,0,0,0,0,0/ C01,13467,13467/ C02,06533,06533/ C03,0,0/
D01,00122,00000,00000,00119,00000,00000/
D02,19878,20000,20000,19881,20000,20000/ D03,0,0,0,0,0,0/ E01,00481,00000,00000/
E02,19519,20000,20000/ E03,0,0,0/ F01,00946,00000,00000,00946,00000,00000/
F02,19054,20000,20000,19054,20000,20000/ F03,0,0,0,0,0,0/ G01,00426,00425/
G02,19574,19575/ G03,0,0/ I01,01320,07821/ I02,18680,12179/ I03,0,0/
J01,00364,00364,00364,00364/ J02,19636,19636,19636,19636/ J03,0,0,0,0/
K01,ABM57CDR00NG0B7/ : "
"QU ANPOCVS .ANPMMVS 140910 DFD FI VS138/AN G-VDOT DT DDL NET 140910 M00A -
A350,000169,1,1,TB000000/
REP209,82,04;H01,209,82,04,4002,00232,.G-VDOT,5,0,14,12,22,09,09,45,130/
H02,---------,----------,S0285,S0485,CDA170222A/ H03,End of flight/
A01,13555,00910,13621,00913,13620,00910/
A02,06445,19090,06379,19087,06380,19090/ A03,0,0,0,0,0,0/
B01,06658,00099,00000,06658,06658,00000,06606,00099,00000/
B02,23342,29901,04000,13342,13342,04000,23394,29901,04000/
B03,0,0,0,0,0,0,0,0,0/ C01,09596,09596/ C02,10404,10404/ C03,0,0/
D01,00113,00113,00113,00115,00115,00115/
D02,29887,29887,29887,29885,29885,29885/ D03,0,0,0,0,0,0/ E01,00407,00407,00407/
E02,02593,02593,02593/ E03,0,0,0/ F01,00685,00672,00048,00000,00000,00000/
F02,29315,29328,29952,30000,30000,30000/ F03,0,0,0,0,0,0/ G01,00397,00397/
G02,02603,02603/ G03,0,0/ I01,00017,01409/ I02,02983,01591/ I03,0,0/
J01,00302,00302,00300,00302/ J02,02698,02698,02700,02698/ J03,0,0,0,0/
K01,ABM57CDR00NG0B7/ : "
"QU ANPOCVS .ANPMMVS 141116 DFD FI VS10/AN G-VLIB DT DDL NET 141115 M00A -
A350,001273,1,1,TB000000/
REP209,82,04;H01,209,82,04,4002,00050,.G-VLIB,5,0,14,12,22,11,15,43,130/
H02,---------,----------,S0285,S0585,CDA070322A/ H03,End of flight/
A01,04987,00196,04987,00196,04987,00196/
A02,15013,19804,15013,19804,15013,19804/ A03,0,0,0,0,0,0/
B01,02559,00000,00000,02559,02559,00000,02559,00000,00000/
B02,27441,30000,04000,17441,17441,04000,27441,30000,04000/
B03,0,0,0,0,0,0,0,0,0/ C01,03459,03459/ C02,16541,16541/ C03,0,0/
D01,00030,00000,00000,00030,00000,00000/
D02,19970,20000,20000,19970,20000,20000/ D03,0,0,0,0,0,0/ E01,00135,00000,00000/
E02,19865,20000,20000/ E03,0,0,0/ F01,00182,00000,00000,00182,00000,00000/
F02,19818,20000,20000,19818,20000,20000/ F03,0,0,0,0,0,0/ G01,00049,00049/
G02,19951,19951/ G03,0,0/ I01,01773,01773/ I02,18227,18227/ I03,0,0/
J01,00114,00114,00114,00114/ J02,19886,19886,19886,19886/ J03,0,0,0,0/
K01,ABM46CDR01NG00U/ : "
"QU ANPOCVS .ANPMMVS 141157 DFD FI VS8/AN G-VPRD DT DDL NET 141156 M00A -
A350,000068,1,1,TB000000/
REP209,82,04;H01,209,82,04,4002,00179,.G-VPRD,5,0,14,12,22,11,56,05,130/
H02,---------,----------,S0285,S0485,CDA170222A/ H03,End of flight/
A01,01418,01366,01418,00089,01418,01366/
A02,18582,18634,18582,19911,18582,18634/ A03,0,0,0,0,0,0/
B01,08524,00000,00000,00692,00692,00000,10104,00000,00000/
B02,21476,30000,04000,19308,19308,04000,19896,30000,04000/
B03,0,0,0,0,0,0,0,0,0/ C01,13721,13721/ C02,06279,06279/ C03,0,0/
D01,00128,00000,00000,00128,00000,00000/
D02,19872,20000,20000,19872,20000,20000/ D03,0,0,0,0,0,0/ E01,00509,00000,00000/
E02,19491,20000,20000/ E03,0,0,0/ F01,00939,00000,00000,00939,00000,00000/
F02,19061,20000,20000,19061,20000,20000/ F03,0,0,0,0,0,0/ G01,00447,00447/
G02,19553,19553/ G03,0,0/ I01,08877,07861/ I02,11123,12139/ I03,0,0/
J01,00390,00389,00390,00389/ J02,19610,19611,19610,19611/ J03,0,0,0,0/
K01,ABM57CDR00NG0B7/ : "
"QU ANPOCVS .ANPMMVS 141531 DFD FI VS412/AN G-VPOP DT DDL NET 141530 M00A -
A350,001330,1,1,TB000000/
REP209,82,04;H01,209,82,04,4002,00026,.G-VPOP,5,0,14,12,22,15,30,25,130/
H02,---------,----------,S0285,S0485,CDA170222A/ H03,End of flight/
A01,01724,00092,01523,00076,01724,00092/
A02,18276,19908,18477,19924,18276,19908/ A03,0,0,0,0,0,0/
B01,03068,00000,00000,00770,00770,00000,10584,00000,00000/
B02,26932,30000,04000,19230,19230,04000,19416,30000,04000/
B03,0,0,0,0,0,0,0,0,0/ C01,14374,14374/ C02,05626,05626/ C03,0,0/
D01,00126,00126,00126,00127,00127,00127/
D02,02874,02874,02874,02873,02873,02873/ D03,0,0,0,0,0,0/ E01,00539,00539,00539/
E02,02461,02461,02461/ E03,0,0,0/ F01,00135,00135,00135,00121,00121,00121/
F02,02865,02865,02865,02879,02879,02879/ F03,0,0,0,0,0,0/ G01,00454,00455/
G02,02546,02545/ G03,0,0/ I01,00169,00226/ I02,02831,02774/ I03,0,0/
J01,00422,00422,00422,00422/ J02,02578,02578,02578,02578/ J03,0,0,0,0/
K01,ABM57CDR00NG0B7/ : "
"QU ANPOCVS .ANPMMVS 141629 DFD FI VS0301/AN G-VEVE DT DDL NET 141628 M00A -
A350,000723,1,1,TB000000/
REP209,82,04;H01,209,82,04,4002,00016,.G-VEVE,5,0,14,12,22,16,27,17,130/
H02,---------,----------,S0285,S0585,CDA070322A/ H03,End of flight/
A01,05948,00201,06780,00263,06780,00201/
A02,14052,19799,13220,19737,13220,19799/ A03,0,0,0,0,0,0/
B01,03413,00000,00000,03413,03413,00000,03412,00000,00000/
B02,26587,30000,04000,16587,16587,04000,26588,30000,04000/
B03,0,0,0,0,0,0,0,0,0/ C01,04622,04622/ C02,15378,15378/ C03,0,0/
D01,00044,00000,00000,00044,00000,00000/
D02,19956,20000,20000,19956,20000,20000/ D03,0,0,0,0,0,0/ E01,00178,00000,00000/
E02,19822,20000,20000/ E03,0,0,0/ F01,00280,00000,00000,00280,00000,00000/
F02,19720,20000,20000,19720,20000,20000/ F03,0,0,0,0,0,0/ G01,00099,00099/
G02,19901,19901/ G03,0,0/ I01,02326,02326/ I02,17674,17674/ I03,0,0/
J01,00148,00148,00148,00148/ J02,19852,19852,19852,19852/ J03,0,0,0,0/
K01,ABM46CDR01NG00U/ : "
"QU ANPOCVS .ANPMMVS 141638 DFD FI VS3/AN G-VJAM DT DDL NET 141638 M00A -
A350,000532,1,1,TB000000/
REP209,82,04;H01,209,82,04,4002,00148,.G-VJAM,5,0,14,12,22,16,38,07,130/
H02,---------,----------,S0285,S0485,CDA170222A/ H03,End of flight/
A01,00011,00556,20015,01876,20015,01876/
A02,19989,19444,00000,18124,00000,18124/ A03,0,0,1,0,1,0/
B01,09923,00000,00000,09889,09889,00000,09924,00000,00000/
B02,20077,30000,04000,10111,10111,04000,20076,30000,04000/
B03,0,0,0,0,0,0,0,0,0/ C01,13474,13474/ C02,06526,06526/ C03,0,0/
D01,00122,00000,00000,00119,00000,00000/
D02,19878,20000,20000,19881,20000,20000/ D03,0,0,0,0,0,0/ E01,00481,00000,00000/
E02,19519,20000,20000/ E03,0,0,0/ F01,00947,00000,00000,00946,00000,00000/
F02,19053,20000,20000,19054,20000,20000/ F03,0,0,0,0,0,0/ G01,00426,00425/
G02,19574,19575/ G03,0,0/ I01,01320,07821/ I02,18680,12179/ I03,0,0/
J01,00364,00364,00364,00364/ J02,19636,19636,19636,19636/ J03,0,0,0,0/
K01,ABM57CDR00NG0B7/ : "
"QU ANPOCVS .DDLMMXA 141734 DFD FI VS3/AN G-VJAM DT DDL JFK 141734 U45A -
A350,000532,1,1,TB000000/
REP209,82,04;H01,209,82,04,4002,00148,.G-VJAM,5,0,14,12,22,16,38,07,130/
H02,---------,----------,S0285,S0485,CDA170222A/ H03,End of flight/
A01,00011,00556,20015,01876,20015,01876/
A02,19989,19444,00000,18124,00000,18124/ A03,0,0,1,0,1,0/
B01,09923,00000,00000,09889,09889,00000,09924,00000,00000/
B02,20077,30000,04000,10111,10111,04000,20076,30000,04000/
B03,0,0,0,0,0,0,0,0,0/ C01,13474,13474/ C02,06526,06526/ C03,0,0/
D01,00122,00000,00000,00119,00000,00000/
D02,19878,20000,20000,19881,20000,20000/ D03,0,0,0,0,0,0/ E01,00481,00000,00000/
E02,19519,20000,20000/ E03,0,0,0/ F01,00947,00000,00000,00946,00000,00000/
F02,19053,20000,20000,19054,20000,20000/ F03,0,0,0,0,0,0/ G01,00426,00425/
G02,19574,19575/ G03,0,0/ I01,01320,07821/ I02,18680,12179/ I03,0,0/
J01,00364,00364,00364,00364/ J02,19636,19636,19636,19636/ J03,0,0,0,0/
K01,ABM57CDR00NG0B7/ : "
"QU ANPOCVS .DDLMMXA 141802 DFD FI VS0/AN G-VEVE DT DDL LHR 141802 U02A -
A350,000723,1,1,TB000000/
REP209,82,04;H01,209,82,04,4002,00016,.G-VEVE,5,0,14,12,22,16,27,17,130/
H02,---------,----------,S0285,S0585,CDA070322A/ H03,End of flight/
A01,05948,00201,06780,00263,06780,00201/
A02,14052,19799,13220,19737,13220,19799/ A03,0,0,0,0,0,0/
B01,03413,00000,00000,03413,03413,00000,03412,00000,00000/
B02,26587,30000,04000,16587,16587,04000,26588,30000,04000/
B03,0,0,0,0,0,0,0,0,0/ C01,04622,04622/ C02,15378,15378/ C03,0,0/
D01,00044,00000,00000,00044,00000,00000/
D02,19956,20000,20000,19956,20000,20000/ D03,0,0,0,0,0,0/ E01,00178,00000,00000/
E02,19822,20000,20000/ E03,0,0,0/ F01,00280,00000,00000,00280,00000,00000/
F02,19720,20000,20000,19720,20000,20000/ F03,0,0,0,0,0,0/ G01,00099,00099/
G02,19901,19901/ G03,0,0/ I01,02326,02326/ I02,17674,17674/ I03,0,0/
J01,00148,00148,00148,00148/ J02,19852,19852,19852,19852/ J03,0,0,0,0/
K01,ABM46CDR01NG00U/ : "
"QU ANPOCVS .DDLMMXA 141950 DFD FI VS0/AN G-VPOP DT DDL LHR 141950 U13A -
A350,001330,1,1,TB000000/
REP209,82,04;H01,209,82,04,4002,00026,.G-VPOP,5,0,14,12,22,15,30,25,130/
H02,---------,----------,S0285,S0485,CDA170222A/ H03,End of flight/
A01,01724,00092,01523,00076,01724,00092/
A02,18276,19908,18477,19924,18276,19908/ A03,0,0,0,0,0,0/
B01,03068,00000,00000,00770,00770,00000,10584,00000,00000/
B02,26932,30000,04000,19230,19230,04000,19416,30000,04000/
B03,0,0,0,0,0,0,0,0,0/ C01,14374,14374/ C02,05626,05626/ C03,0,0/
D01,00126,00126,00126,00127,00127,00127/
D02,02874,02874,02874,02873,02873,02873/ D03,0,0,0,0,0,0/ E01,00539,00539,00539/
E02,02461,02461,02461/ E03,0,0,0/ F01,00135,00135,00135,00121,00121,00121/
F02,02865,02865,02865,02879,02879,02879/ F03,0,0,0,0,0,0/ G01,00454,00455/
G02,02546,02545/ G03,0,0/ I01,00169,00226/ I02,02831,02774/ I03,0,0/
J01,00422,00422,00422,00422/ J02,02578,02578,02578,02578/ J03,0,0,0,0/
K01,ABM57CDR00NG0B7/ : "
"QU ANPOCVS .ANPMMVS 142044 DFD FI VS26/AN G-VLUX DT DDL NET 142043 M00A -
A350,001228,1,1,TB000000/
REP209,82,04;H01,209,82,04,4002,00192,.G-VLUX,5,0,14,12,22,20,42,29,130/
H02,---------,----------,S0285,S0485,CDA170222A/ H03,End of flight/
A01,01714,01656,01715,00106,01715,00105/
A02,18286,18344,18285,19894,18285,19895/ A03,0,0,0,0,0,0/
B01,10470,00000,00000,00877,00877,00000,10468,00000,00000/
B02,19530,30000,04000,19123,19123,04000,19532,30000,04000/
B03,0,0,0,0,0,0,0,0,0/ C01,14246,14246/ C02,05754,05754/ C03,0,0/
D01,00135,00135,00135,00135,00135,00135/
D02,02865,02865,02865,02865,02865,02865/ D03,0,0,0,0,0,0/ E01,00547,00547,00547/
E02,02453,02453,02453/ E03,0,0,0/ F01,00082,00158,00995,00990,00555,00991/
F02,02918,02842,02005,02010,02445,02009/ F03,0,0,0,0,0,0/ G01,00439,00439/
G02,02561,02561/ G03,0,0/ I01,01370,00358/ I02,01630,02642/ I03,0,0/
J01,00423,00423,00423,00423/ J02,02577,02577,02577,02577/ J03,0,0,0,0/
K01,ABM57CDR00NG0B7/ : "
"QU ANPOCVS .ANPMMVS 142047 DFD FI VS45/AN G-VRNB DT DDL NET 142047 M00A -
A350,000064,1,1,TB000000/
REP209,82,04;H01,209,82,04,4002,00054,.G-VRNB,5,0,14,12,22,20,47,02,130/
H02,---------,----------,S0285,S0485,CDA170222A/ H03,End of flight/
A01,13394,00665,13396,00665,13394,00665/
A02,06606,19335,06604,19335,06606,19335/ A03,0,0,0,0,0,0/
B01,06485,00000,00000,06487,06487,00000,06484,00000,00000/
B02,23515,30000,04000,13513,13513,04000,23516,30000,04000/
B03,0,0,0,0,0,0,0,0,0/ C01,08787,08787/ C02,11213,11213/ C03,0,0/
D01,00085,00000,00000,00085,00000,00000/
D02,19915,20000,20000,19915,20000,20000/ D03,0,0,0,0,0,0/ E01,00302,00000,00000/
E02,19698,20000,20000/ E03,0,0,0/ F01,00678,00000,00000,00678,00000,00000/
F02,19322,20000,20000,19322,20000,20000/ F03,0,0,0,0,0,0/ G01,00321,00314/
G02,19679,19686/ G03,0,0/ I01,04917,04917/ I02,15083,15083/ I03,0,0/
J01,00229,00229,00229,00229/ J02,19771,19771,19771,19771/ J03,0,0,0,0/
K01,ABM57CDR00NG0B7/ : "
"QU ANPOCVS .ANPMMVS 142139 DFD FI VS103/AN G-VTEA DT DDL NET 142139 M00A -
A350,000407,1,1,TB000000/
REP209,82,04;H01,209,82,04,4002,00046,.G-VTEA,5,0,14,12,22,21,39,18,130/
H02,---------,----------,S0285,S0585,CDA070322A/ H03,End of flight/
A01,13445,00732,13454,00732,13444,00732/
A02,06555,19268,06546,19268,06556,19268/ A03,0,0,0,0,0,0/
B01,06527,00000,00000,06535,06535,00000,06528,00000,00000/
B02,23473,30000,04000,13465,13465,04000,23472,30000,04000/
B03,0,0,0,0,0,0,0,0,0/ C01,08829,08829/ C02,11171,11171/ C03,0,0/
D01,00081,00000,00000,00081,00000,00000/
D02,19919,20000,20000,19919,20000,20000/ D03,0,0,0,0,0,0/ E01,00322,00000,00000/
E02,19678,20000,20000/ E03,0,0,0/ F01,00706,00000,00000,00710,00000,00000/
F02,19294,20000,20000,19290,20000,20000/ F03,0,0,0,0,0,0/ G01,00271,00280/
G02,19729,19720/ G03,0,0/ I01,04941,04941/ I02,15059,15059/ I03,0,0/
J01,00243,00243,00243,00243/ J02,19757,19757,19757,19757/ J03,0,0,0,0/
K01,ABM46CDR01NG00U/ : "
"QU ANPOCVS .ANPMMVS 142349 DFD FI VS7/AN G-VDOT DT DDL NET 142348 M00A -
A350,000251,1,1,TB000000/
REP209,82,04;H01,209,82,04,4002,00233,.G-VDOT,5,0,14,12,22,23,48,42,130/
H02,---------,----------,S0285,S0485,CDA170222A/ H03,End of flight/
A01,13569,00910,13635,00913,13635,00910/
A02,06431,19090,06365,19087,06365,19090/ A03,0,0,0,0,0,0/
B01,06666,00099,00000,06666,06666,00000,06614,00099,00000/
B02,23334,29901,04000,13334,13334,04000,23386,29901,04000/
B03,0,0,0,0,0,0,0,0,0/ C01,09607,09607/ C02,10393,10393/ C03,0,0/
D01,00113,00113,00113,00115,00115,00115/
D02,29887,29887,29887,29885,29885,29885/ D03,0,0,0,0,0,0/ E01,00407,00407,00407/
E02,02593,02593,02593/ E03,0,0,0/ F01,00686,00672,00048,00000,00000,00000/
F02,29314,29328,29952,30000,30000,30000/ F03,0,0,0,0,0,0/ G01,00397,00397/
G02,02603,02603/ G03,0,0/ I01,00019,01409/ I02,02981,01591/ I03,0,0/
J01,00302,00302,00300,00302/ J02,02698,02698,02700,02698/ J03,0,0,0,0/
K01,ABM57CDR00NG0B7/ : "
"QU ANPOCVS .DDLMMXA 150252 DFD FI VS9/AN G-VEVE DT DDL JFK 150252 U70A -
A350,000058,1,1,TB000000/
REP209,82,04;H01,209,82,04,4002,00017,.G-VEVE,5,0,15,12,22,02,51,59,130/
H02,---------,----------,S0285,S0585,CDA070322A/ H03,End of flight/
A01,05959,00201,06790,00263,06790,00201/
A02,14041,19799,13210,19737,13210,19799/ A03,0,0,0,0,0,0/
B01,03419,00000,00000,03419,03419,00000,03418,00000,00000/
B02,26581,30000,04000,16581,16581,04000,26582,30000,04000/
B03,0,0,0,0,0,0,0,0,0/ C01,04630,04630/ C02,15370,15370/ C03,0,0/
D01,00045,00000,00000,00045,00000,00000/
D02,19955,20000,20000,19955,20000,20000/ D03,0,0,0,0,0,0/ E01,00179,00000,00000/
E02,19821,20000,20000/ E03,0,0,0/ F01,00280,00000,00000,00280,00000,00000/
F02,19720,20000,20000,19720,20000,20000/ F03,0,0,0,0,0,0/ G01,00100,00100/
G02,19900,19900/ G03,0,0/ I01,02330,02330/ I02,17670,17670/ I03,0,0/
J01,00148,00148,00148,00148/ J02,19852,19852,19852,19852/ J03,0,0,0,0/
K01,ABM46CDR01NG00U/ : "
"QU ANPOCVS .DDLMMXA 150354 DFD FI VS300/AN G-VLIB DT BKK DEL 150354 U71A -
A350,001347,1,1,TB000000/
REP209,82,04;H01,209,82,04,4002,00051,.G-VLIB,5,0,15,12,22,03,51,04,130/
H02,---------,----------,S0285,S0585,CDA070322A/ H03,End of flight/
A01,04998,00201,04998,00201,04998,00201/
A02,15002,19799,15002,19799,15002,19799/ A03,0,0,0,0,0,0/
B01,02565,00000,00000,02565,02565,00000,02566,00000,00000/
B02,27435,30000,04000,17435,17435,04000,27434,30000,04000/
B03,0,0,0,0,0,0,0,0,0/ C01,03468,03468/ C02,16532,16532/ C03,0,0/
D01,00030,00000,00000,00030,00000,00000/
D02,19970,20000,20000,19970,20000,20000/ D03,0,0,0,0,0,0/ E01,00135,00000,00000/
E02,19865,20000,20000/ E03,0,0,0/ F01,00183,00000,00000,00183,00000,00000/
F02,19817,20000,20000,19817,20000,20000/ F03,0,0,0,0,0,0/ G01,00049,00049/
G02,19951,19951/ G03,0,0/ I01,01781,01781/ I02,18219,18219/ I03,0,0/
J01,00114,00114,00114,00114/ J02,19886,19886,19886,19886/ J03,0,0,0,0/
K01,ABM46CDR01NG00U/ : "
"QU ANPOCVS .ANPMMVS 150423 DFD FI VS25/AN G-VPRD DT DDL NET 150422 M00A -
A350,000137,1,1,TB000000/
REP209,82,04;H01,209,82,04,4002,00180,.G-VPRD,5,0,15,12,22,04,22,31,130/
H02,---------,----------,S0285,S0485,CDA170222A/ H03,End of flight/
A01,01427,01373,01427,00096,01427,01373/
A02,18573,18627,18573,19904,18573,18627/ A03,0,0,0,0,0,0/
B01,08530,00000,00000,00698,00698,00000,10110,00000,00000/
B02,21470,30000,04000,19302,19302,04000,19890,30000,04000/
B03,0,0,0,0,0,0,0,0,0/ C01,13728,13728/ C02,06272,06272/ C03,0,0/
D01,00128,00000,00000,00128,00000,00000/
D02,19872,20000,20000,19872,20000,20000/ D03,0,0,0,0,0,0/ E01,00509,00000,00000/
E02,19491,20000,20000/ E03,0,0,0/ F01,00940,00000,00000,00939,00000,00000/
F02,19060,20000,20000,19061,20000,20000/ F03,0,0,0,0,0,0/ G01,00447,00447/
G02,19553,19553/ G03,0,0/ I01,08889,00013/ I02,11111,19987/ I03,0,0/
J01,00390,00390,00390,00390/ J02,19610,19610,19610,19610/ J03,0,0,0,0/
K01,ABM57CDR00NG0B7/ : "
"QU ANPOCVS .DDLMMXA 150556 DFD FI VS411/AN G-VLUX DT DDL LOS 150556 U35A -
A350,001292,1,1,TB000000/
REP209,82,04;H01,209,82,04,4002,00193,.G-VLUX,5,0,15,12,22,05,52,47,130/
H02,---------,----------,S0285,S0485,CDA170222A/ H03,End of flight/
A01,01724,01656,01724,00106,01724,00105/
A02,18276,18344,18276,19894,18276,19895/ A03,0,0,0,0,0,0/
B01,10475,00000,00000,00882,00882,00000,10472,00000,00000/
B02,19525,30000,04000,19118,19118,04000,19528,30000,04000/
B03,0,0,0,0,0,0,0,0,0/ C01,14252,14252/ C02,05748,05748/ C03,0,0/
D01,00135,00135,00135,00135,00135,00135/
D02,02865,02865,02865,02865,02865,02865/ D03,0,0,0,0,0,0/ E01,00548,00548,00547/
E02,02452,02452,02453/ E03,0,0,0/ F01,00082,00158,00995,00990,00555,00991/
F02,02918,02842,02005,02010,02445,02009/ F03,0,0,0,0,0,0/ G01,00439,00439/
G02,02561,02561/ G03,0,0/ I01,01373,00361/ I02,01627,02639/ I03,0,0/
J01,00423,00423,00423,00423/ J02,02577,02577,02577,02577/ J03,0,0,0,0/
K01,ABM57CDR00NG0B7/ : "
"QU ANPOCVS .ANPMMVS 150657 DFD FI VS4/AN G-VJAM DT DDL NET 150657 M00A -
A350,000057,1,1,TB000000/
REP209,82,04;H01,209,82,04,4002,00149,.G-VJAM,5,0,15,12,22,06,57,04,130/
H02,---------,----------,S0285,S0485,CDA170222A/ H03,End of flight/
A01,00011,00571,20015,01891,20015,01891/
A02,19989,19429,00000,18109,00000,18109/ A03,0,0,1,0,1,0/
B01,09928,00000,00000,09894,09894,00000,09929,00000,00000/
B02,20072,30000,04000,10106,10106,04000,20071,30000,04000/
B03,0,0,0,0,0,0,0,0,0/ C01,13481,13481/ C02,06519,06519/ C03,0,0/
D01,00122,00000,00000,00119,00000,00000/
D02,19878,20000,20000,19881,20000,20000/ D03,0,0,0,0,0,0/ E01,00481,00000,00000/
E02,19519,20000,20000/ E03,0,0,0/ F01,00947,00000,00000,00947,00000,00000/
F02,19053,20000,20000,19053,20000,20000/ F03,0,0,0,0,0,0/ G01,00426,00426/
G02,19574,19574/ G03,0,0/ I01,01320,07821/ I02,18680,12179/ I03,0,0/
J01,00365,00364,00365,00365/ J02,19635,19636,19635,19635/ J03,0,0,0,0/
K01,ABM57CDR00NG0B7/ : "
"QU ANPOCVS .ANPMMVS 150746 DFD FI VS104/AN G-VTEA DT DDL NET 150746 M00A -
A350,000477,1,1,TB000000/
REP209,82,04;H01,209,82,04,4002,00047,.G-VTEA,5,0,15,12,22,07,46,01,130/
H02,---------,----------,S0285,S0585,CDA070322A/ H03,End of flight/
A01,13455,00732,13464,00732,13455,00732/
A02,06545,19268,06536,19268,06545,19268/ A03,0,0,0,0,0,0/
B01,06534,00000,00000,06541,06541,00000,06534,00000,00000/
B02,23466,30000,04000,13459,13459,04000,23466,30000,04000/
B03,0,0,0,0,0,0,0,0,0/ C01,08837,08837/ C02,11163,11163/ C03,0,0/
D01,00081,00000,00000,00081,00000,00000/
D02,19919,20000,20000,19919,20000,20000/ D03,0,0,0,0,0,0/ E01,00323,00000,00000/
E02,19677,20000,20000/ E03,0,0,0/ F01,00706,00000,00000,00710,00000,00000/
F02,19294,20000,20000,19290,20000,20000/ F03,0,0,0,0,0,0/ G01,00271,00280/
G02,19729,19720/ G03,0,0/ I01,04944,04944/ I02,15056,15056/ I03,0,0/
J01,00243,00243,00243,00243/ J02,19757,19757,19757,19757/ J03,0,0,0,0/
K01,ABM46CDR01NG00U/ : "
"QU ANPOCVS .ANPMMVS 150925 DFD FI VS138/AN G-VRNB DT DDL NET 150925 M00A -
A350,000141,1,1,TB000000/
REP209,82,04;H01,209,82,04,4002,00055,.G-VRNB,5,0,15,12,22,09,24,21,130/
H02,---------,----------,S0285,S0485,CDA170222A/ H03,End of flight/
A01,13407,00665,13409,00665,13407,00665/
A02,06593,19335,06591,19335,06593,19335/ A03,0,0,0,0,0,0/
B01,06491,00000,00000,06492,06492,00000,06489,00000,00000/
B02,23509,30000,04000,13508,13508,04000,23511,30000,04000/
B03,0,0,0,0,0,0,0,0,0/ C01,08794,08794/ C02,11206,11206/ C03,0,0/
D01,00085,00000,00000,00085,00000,00000/
D02,19915,20000,20000,19915,20000,20000/ D03,0,0,0,0,0,0/ E01,00303,00000,00000/
E02,19697,20000,20000/ E03,0,0,0/ F01,00683,00000,00000,00683,00000,00000/
F02,19317,20000,20000,19317,20000,20000/ F03,0,0,0,0,0,0/ G01,00321,00314/
G02,19679,19686/ G03,0,0/ I01,04923,04923/ I02,15077,15077/ I03,0,0/
J01,00229,00229,00229,00229/ J02,19771,19771,19771,19771/ J03,0,0,0,0/
K01,ABM57CDR00NG0B7/ : "
"QU ANPOCVS .ANPMMVS 151146 DFD FI VS10/AN G-VEVE DT DDL NET 151146 M00A -
A350,000126,1,1,TB000000/
REP209,82,04;H01,209,82,04,4002,00018,.G-VEVE,5,0,15,12,22,11,45,41,130/
H02,---------,----------,S0285,S0585,CDA070322A/ H03,End of flight/
A01,05968,00201,06799,00263,06799,00201/
A02,14032,19799,13201,19737,13201,19799/ A03,0,0,0,0,0,0/
B01,03424,00000,00000,03424,03424,00000,03423,00000,00000/
B02,26576,30000,04000,16576,16576,04000,26577,30000,04000/
B03,0,0,0,0,0,0,0,0,0/ C01,04637,04637/ C02,15363,15363/ C03,0,0/
D01,00045,00000,00000,00045,00000,00000/
D02,19955,20000,20000,19955,20000,20000/ D03,0,0,0,0,0,0/ E01,00179,00000,00000/
E02,19821,20000,20000/ E03,0,0,0/ F01,00280,00000,00000,00280,00000,00000/
F02,19720,20000,20000,19720,20000,20000/ F03,0,0,0,0,0,0/ G01,00100,00100/
G02,19900,19900/ G03,0,0/ I01,02332,02332/ I02,17668,17668/ I03,0,0/
J01,00148,00148,00148,00148/ J02,19852,19852,19852,19852/ J03,0,0,0,0/
K01,ABM46CDR01NG00U/ : "
"QU ANPOCVS .ANPMMVS 151236 DFD FI VS8/AN G-VDOT DT DDL NET 151236 M00A -
A350,000328,1,1,TB000000/
REP209,82,04;H01,209,82,04,4002,00234,.G-VDOT,5,0,15,12,22,12,35,59,130/
H02,---------,----------,S0285,S0485,CDA170222A/ H03,End of flight/
A01,13582,00910,13648,00913,13647,00910/
A02,06418,19090,06352,19087,06353,19090/ A03,0,0,0,0,0,0/
B01,06674,00099,00000,06674,06674,00000,06622,00099,00000/
B02,23326,29901,04000,13326,13326,04000,23378,29901,04000/
B03,0,0,0,0,0,0,0,0,0/ C01,09618,09618/ C02,10382,10382/ C03,0,0/
D01,00113,00113,00113,00115,00115,00115/
D02,29887,29887,29887,29885,29885,29885/ D03,0,0,0,0,0,0/ E01,00408,00408,00408/
E02,02592,02592,02592/ E03,0,0,0/ F01,00686,00672,00049,00001,00001,00001/
F02,29314,29328,29951,29999,29999,29999/ F03,0,0,0,0,0,0/ G01,00397,00397/
G02,02603,02603/ G03,0,0/ I01,00022,01409/ I02,02978,01591/ I03,0,0/
J01,00302,00302,00300,00302/ J02,02698,02698,02700,02698/ J03,0,0,0,0/
K01,ABM57CDR00NG0B7/ : "
"QU ANPOCVS .DDLMMXA 151310 DFD FI VS0/AN G-VEVE DT DDL LHR 151310 U11A -
A350,000126,1,1,TB000000/
REP209,82,04;H01,209,82,04,4002,00018,.G-VEVE,5,0,15,12,22,11,45,41,130/
H02,---------,----------,S0285,S0585,CDA070322A/ H03,End of flight/
A01,05968,00201,06799,00263,06799,00201/
A02,14032,19799,13201,19737,13201,19799/ A03,0,0,0,0,0,0/
B01,03424,00000,00000,03424,03424,00000,03423,00000,00000/
B02,26576,30000,04000,16576,16576,04000,26577,30000,04000/
B03,0,0,0,0,0,0,0,0,0/ C01,04637,04637/ C02,15363,15363/ C03,0,0/
D01,00045,00000,00000,00045,00000,00000/
D02,19955,20000,20000,19955,20000,20000/ D03,0,0,0,0,0,0/ E01,00179,00000,00000/
E02,19821,20000,20000/ E03,0,0,0/ F01,00280,00000,00000,00280,00000,00000/
F02,19720,20000,20000,19720,20000,20000/ F03,0,0,0,0,0,0/ G01,00100,00100/
G02,19900,19900/ G03,0,0/ I01,02332,02332/ I02,17668,17668/ I03,0,0/
J01,00148,00148,00148,00148/ J02,19852,19852,19852,19852/ J03,0,0,0,0/
K01,ABM46CDR01NG00U/ : "
"QU ANPOCVS .ANPMMVS 151540 DFD FI VS412/AN G-VLUX DT DDL NET 151540 M00A -
A350,001363,1,1,TB000000/
REP209,82,04;H01,209,82,04,4002,00194,.G-VLUX,5,0,15,12,22,15,40,01,130/
H02,---------,----------,S0285,S0485,CDA170222A/ H03,End of flight/
A01,01733,01656,01734,00106,01734,00105/
A02,18267,18344,18266,19894,18266,19895/ A03,0,0,0,0,0,0/
B01,10479,00000,00000,00887,00887,00000,10477,00000,00000/
B02,19521,30000,04000,19113,19113,04000,19523,30000,04000/
B03,0,0,0,0,0,0,0,0,0/ C01,14259,14259/ C02,05741,05741/ C03,0,0/
D01,00135,00135,00135,00135,00135,00135/
D02,02865,02865,02865,02865,02865,02865/ D03,0,0,0,0,0,0/ E01,00548,00548,00548/
E02,02452,02452,02452/ E03,0,0,0/ F01,00083,00159,00996,00990,00555,00992/
F02,02917,02841,02004,02010,02445,02008/ F03,0,0,0,0,0,0/ G01,00439,00439/
G02,02561,02561/ G03,0,0/ I01,01377,00365/ I02,01623,02635/ I03,0,0/
J01,00423,00423,00423,00423/ J02,02577,02577,02577,02577/ J03,0,0,0,0/
K01,ABM57CDR00NG0B7/ : "
"QU ANPOCVS .DDLMMXA 151553 DFD FI VS301/AN G-VLIB DT DDL LHR 151553 U35A -
A350,001413,1,1,TB000000/
REP209,82,04;H01,209,82,04,4002,00052,.G-VLIB,5,0,15,12,22,15,53,05,130/
H02,---------,----------,S0285,S0585,CDA070322A/ H03,End of flight/
A01,05010,00201,05010,00201,05010,00201/
A02,14990,19799,14990,19799,14990,19799/ A03,0,0,0,0,0,0/
B01,02573,00000,00000,02573,02573,00000,02573,00000,00000/
B02,27427,30000,04000,17427,17427,04000,27427,30000,04000/
B03,0,0,0,0,0,0,0,0,0/ C01,03478,03478/ C02,16522,16522/ C03,0,0/
D01,00030,00000,00000,00030,00000,00000/
D02,19970,20000,20000,19970,20000,20000/ D03,0,0,0,0,0,0/ E01,00136,00000,00000/
E02,19864,20000,20000/ E03,0,0,0/ F01,00186,00000,00000,00186,00000,00000/
F02,19814,20000,20000,19814,20000,20000/ F03,0,0,0,0,0,0/ G01,00049,00049/
G02,19951,19951/ G03,0,0/ I01,01784,01784/ I02,18216,18216/ I03,0,0/
J01,00115,00115,00115,00115/ J02,19885,19885,19885,19885/ J03,0,0,0,0/
K01,ABM46CDR01NG00U/ : "
"QU ANPOCVS .ANPMMVS 151756 DFD FI VS3/AN G-VTEA DT DDL NET 151755 M00A -
A350,000544,1,1,TB000000/
REP209,82,04;H01,209,82,04,4002,00048,.G-VTEA,5,0,15,12,22,17,55,36,130/
H02,---------,----------,S0285,S0585,CDA070322A/ H03,End of flight/
A01,13465,00732,13474,00732,13465,00732/
A02,06535,19268,06526,19268,06535,19268/ A03,0,0,0,0,0,0/
B01,06539,00000,00000,06547,06547,00000,06539,00000,00000/
B02,23461,30000,04000,13453,13453,04000,23461,30000,04000/
B03,0,0,0,0,0,0,0,0,0/ C01,08844,08844/ C02,11156,11156/ C03,0,0/
D01,00081,00000,00000,00081,00000,00000/
D02,19919,20000,20000,19919,20000,20000/ D03,0,0,0,0,0,0/ E01,00323,00000,00000/
E02,19677,20000,20000/ E03,0,0,0/ F01,00707,00000,00000,00711,00000,00000/
F02,19293,20000,20000,19289,20000,20000/ F03,0,0,0,0,0,0/ G01,00271,00280/
G02,19729,19720/ G03,0,0/ I01,04947,04947/ I02,15053,15053/ I03,0,0/
J01,00243,00243,00243,00243/ J02,19757,19757,19757,19757/ J03,0,0,0,0/
K01,ABM46CDR01NG00U/ : "
"QU ANPOCVS .ANPMMVS 151853 DFD FI VS103/AN G-VJAM DT DDL NET 151853 M00A -
A350,000125,1,1,TB000000/
REP209,82,04;H01,209,82,04,4002,00150,.G-VJAM,5,0,15,12,22,18,52,48,130/
H02,---------,----------,S0285,S0485,CDA170222A/ H03,End of flight/
A01,00011,00583,20015,01903,20015,01903/
A02,19989,19417,00000,18097,00000,18097/ A03,0,0,1,0,1,0/
B01,09935,00000,00000,09901,09901,00000,09936,00000,00000/
B02,20065,30000,04000,10099,10099,04000,20064,30000,04000/
B03,0,0,0,0,0,0,0,0,0/ C01,13490,13490/ C02,06510,06510/ C03,0,0/
D01,00122,00000,00000,00119,00000,00000/
D02,19878,20000,20000,19881,20000,20000/ D03,0,0,0,0,0,0/ E01,00481,00000,00000/
E02,19519,20000,20000/ E03,0,0,0/ F01,00947,00000,00000,00947,00000,00000/
F02,19053,20000,20000,19053,20000,20000/ F03,0,0,0,0,0,0/ G01,00426,00426/
G02,19574,19574/ G03,0,0/ I01,01320,07821/ I02,18680,12179/ I03,0,0/
J01,00365,00365,00365,00365/ J02,19635,19635,19635,19635/ J03,0,0,0,0/
K01,ABM57CDR00NG0B7/ : "
"QU ANPOCVS .ANPMMVS 152330 DFD FI VS45/AN G-VDOT DT DDL NET 152329 M00A -
A350,000399,1,1,TB000000/
REP209,82,04;H01,209,82,04,4002,00235,.G-VDOT,5,0,15,12,22,23,28,43,130/
H02,---------,----------,S0285,S0485,CDA170222A/ H03,End of flight/
A01,13593,00910,13659,00913,13658,00910/
A02,06407,19090,06341,19087,06342,19090/ A03,0,0,0,0,0,0/
B01,06680,00099,00000,06680,06680,00000,06627,00099,00000/
B02,23320,29901,04000,13320,13320,04000,23373,29901,04000/
B03,0,0,0,0,0,0,0,0,0/ C01,09626,09626/ C02,10374,10374/ C03,0,0/
D01,00113,00113,00113,00115,00115,00115/
D02,29887,29887,29887,29885,29885,29885/ D03,0,0,0,0,0,0/ E01,00408,00408,00408/
E02,02592,02592,02592/ E03,0,0,0/ F01,00686,00673,00049,00001,00001,00001/
F02,29314,29327,29951,29999,29999,29999/ F03,0,0,0,0,0,0/ G01,00397,00397/
G02,02603,02603/ G03,0,0/ I01,00026,01409/ I02,02974,01591/ I03,0,0/
J01,00303,00303,00300,00303/ J02,02697,02697,02700,02697/ J03,0,0,0,0/
K01,ABM57CDR00NG0B7/ : "
"QU ANPOCVS .ANPMMVS 152330 DFD FI VS7/AN G-VRNB DT DDL NET 152329 M00A -
A350,000209,1,1,TB000000/
REP209,82,04;H01,209,82,04,4002,00056,.G-VRNB,5,0,15,12,22,23,29,48,130/
H02,---------,----------,S0285,S0485,CDA170222A/ H03,End of flight/
A01,13421,00665,13423,00665,13421,00665/
A02,06579,19335,06577,19335,06579,19335/ A03,0,0,0,0,0,0/
B01,06499,00000,00000,06500,06500,00000,06497,00000,00000/
B02,23501,30000,04000,13500,13500,04000,23503,30000,04000/
B03,0,0,0,0,0,0,0,0,0/ C01,08805,08805/ C02,11195,11195/ C03,0,0/
D01,00085,00000,00000,00085,00000,00000/
D02,19915,20000,20000,19915,20000,20000/ D03,0,0,0,0,0,0/ E01,00303,00000,00000/
E02,19697,20000,20000/ E03,0,0,0/ F01,00683,00000,00000,00683,00000,00000/
F02,19317,20000,20000,19317,20000,20000/ F03,0,0,0,0,0,0/ G01,00321,00314/
G02,19679,19686/ G03,0,0/ I01,04927,04927/ I02,15073,15073/ I03,0,0/
J01,00229,00229,00229,00229/ J02,19771,19771,19771,19771/ J03,0,0,0,0/
K01,ABM57CDR00NG0B7/ : "
"QU ANPOCVS .DDLMMXA 160256 DFD FI VS9/AN G-VLIB DT DDL JFK 160256 U90A -
A350,001482,1,1,TB000000/
REP209,82,04;H01,209,82,04,4002,00053,.G-VLIB,5,0,16,12,22,02,55,29,130/
H02,---------,----------,S0285,S0585,CDA070322A/ H03,End of flight/
A01,05021,00201,05021,00201,05021,00201/
A02,14979,19799,14979,19799,14979,19799/ A03,0,0,0,0,0,0/
B01,02578,00000,00000,02579,02579,00000,02579,00000,00000/
B02,27422,30000,04000,17421,17421,04000,27421,30000,04000/
B03,0,0,0,0,0,0,0,0,0/ C01,03486,03486/ C02,16514,16514/ C03,0,0/
D01,00030,00000,00000,00030,00000,00000/
D02,19970,20000,20000,19970,20000,20000/ D03,0,0,0,0,0,0/ E01,00136,00000,00000/
E02,19864,20000,20000/ E03,0,0,0/ F01,00187,00000,00000,00187,00000,00000/
F02,19813,20000,20000,19813,20000,20000/ F03,0,0,0,0,0,0/ G01,00049,00049/
G02,19951,19951/ G03,0,0/ I01,01788,01788/ I02,18212,18212/ I03,0,0/
J01,00115,00115,00115,00115/ J02,19885,19885,19885,19885/ J03,0,0,0,0/
K01,ABM46CDR01NG00U/ : "
"QU ANPOCVS .DDLMMXA 160305 DFD FI VS300/AN G-VEVE DT BKK DEL 160305 U70A -
A350,000033,1,1,TB000000/
REP209,82,04;H01,209,82,04,4002,00019,.G-VEVE,5,0,16,12,22,03,04,11,130/
H02,---------,----------,S0285,S0585,CDA070322A/ H03,End of flight/
A01,05983,00201,06814,00263,06814,00201/
A02,14017,19799,13186,19737,13186,19799/ A03,0,0,0,0,0,0/
B01,03430,00000,00000,03430,03430,00000,03429,00000,00000/
B02,26570,30000,04000,16570,16570,04000,26571,30000,04000/
B03,0,0,0,0,0,0,0,0,0/ C01,04645,04645/ C02,15355,15355/ C03,0,0/
D01,00045,00000,00000,00045,00000,00000/
D02,19955,20000,20000,19955,20000,20000/ D03,0,0,0,0,0,0/ E01,00179,00000,00000/
E02,19821,20000,20000/ E03,0,0,0/ F01,00281,00000,00000,00281,00000,00000/
F02,19719,20000,20000,19719,20000,20000/ F03,0,0,0,0,0,0/ G01,00100,00100/
G02,19900,19900/ G03,0,0/ I01,02335,02335/ I02,17665,17665/ I03,0,0/
J01,00148,00148,00148,00148/ J02,19852,19852,19852,19852/ J03,0,0,0,0/
K01,ABM46CDR01NG00U/ : "
"QU ANPOCVS .ANPMMVS 160423 DFD FI VS25/AN G-VLUX DT DDL NET 160422 M00A -
A350,000067,1,1,TB000000/
REP209,82,04;H01,209,82,04,4002,00195,.G-VLUX,5,0,16,12,22,04,22,09,130/
H02,---------,----------,S0285,S0485,CDA170222A/ H03,End of flight/
A01,01746,01656,01747,00106,01747,00105/
A02,18254,18344,18253,19894,18253,19895/ A03,0,0,0,0,0,0/
B01,10485,00000,00000,00892,00892,00000,10483,00000,00000/
B02,19515,30000,04000,19108,19108,04000,19517,30000,04000/
B03,0,0,0,0,0,0,0,0,0/ C01,14266,14266/ C02,05734,05734/ C03,0,0/
D01,00135,00135,00135,00135,00135,00135/
D02,02865,02865,02865,02865,02865,02865/ D03,0,0,0,0,0,0/ E01,00548,00548,00548/
E02,02452,02452,02452/ E03,0,0,0/ F01,00084,00160,00996,00991,00556,00993/
F02,02916,02840,02004,02009,02444,02007/ F03,0,0,0,0,0,0/ G01,00439,00440/
G02,02561,02560/ G03,0,0/ I01,01383,00371/ I02,01617,02629/ I03,0,0/
J01,00424,00423,00423,00423/ J02,02576,02577,02577,02577/ J03,0,0,0,0/
K01,ABM57CDR00NG0B7/ : "
"QU ANPOCVS .ANPMMVS 160535 DFD FI VS411/AN G-VPOP DT DDL NET 160534 M00A -
A350,000074,1,1,TB000000/
REP209,82,04;H01,209,82,04,4002,00027,.G-VPOP,5,0,16,12,22,05,34,41,130/
H02,---------,----------,S0285,S0485,CDA170222A/ H03,End of flight/
A01,01734,00094,01533,00079,01734,00094/
A02,18266,19906,18467,19921,18266,19906/ A03,0,0,0,0,0,0/
B01,03073,00000,00000,00775,00775,00000,10589,00000,00000/
B02,26927,30000,04000,19225,19225,04000,19411,30000,04000/
B03,0,0,0,0,0,0,0,0,0/ C01,14382,14382/ C02,05618,05618/ C03,0,0/
D01,00127,00127,00127,00127,00127,00127/
D02,02873,02873,02873,02873,02873,02873/ D03,0,0,0,0,0,0/ E01,00539,00539,00539/
E02,02461,02461,02461/ E03,0,0,0/ F01,00137,00137,00137,00122,00122,00122/
F02,02863,02863,02863,02878,02878,02878/ F03,0,0,0,0,0,0/ G01,00457,00457/
G02,02543,02543/ G03,0,0/ I01,00175,00232/ I02,02825,02768/ I03,0,0/
J01,00423,00422,00422,00422/ J02,02577,02578,02578,02578/ J03,0,0,0,0/
K01,ABM57CDR00NG0B7/ : "
"QU ANPOCVS .ANPMMVS 160611 DFD FI VS104/AN G-VJAM DT DDL NET 160611 M00A -
A350,000200,1,1,TB000000/
REP209,82,04;H01,209,82,04,4002,00151,.G-VJAM,5,0,16,12,22,06,10,57,130/
H02,---------,----------,S0285,S0485,CDA170222A/ H03,End of flight/
A01,00011,00594,20015,01914,20015,01914/
A02,19989,19406,00000,18086,00000,18086/ A03,0,0,1,0,1,0/
B01,09941,00000,00000,09907,09907,00000,09942,00000,00000/
B02,20059,30000,04000,10093,10093,04000,20058,30000,04000/
B03,0,0,0,0,0,0,0,0,0/ C01,13498,13498/ C02,06502,06502/ C03,0,0/
D01,00122,00000,00000,00119,00000,00000/
D02,19878,20000,20000,19881,20000,20000/ D03,0,0,0,0,0,0/ E01,00482,00000,00000/
E02,19518,20000,20000/ E03,0,0,0/ F01,00947,00000,00000,00947,00000,00000/
F02,19053,20000,20000,19053,20000,20000/ F03,0,0,0,0,0,0/ G01,00426,00426/
G02,19574,19574/ G03,0,0/ I01,01320,07821/ I02,18680,12179/ I03,0,0/
J01,00365,00365,00365,00365/ J02,19635,19635,19635,19635/ J03,0,0,0,0/
K01,ABM57CDR00NG0B7/ : "
"QU ANPOCVS .ANPMMVS 160639 DFD FI VS026A/AN G-VTEA DT DDL NET 160636 M00A -
A350,000623,1,1,TB000000/
REP209,82,04;H01,209,82,04,4002,00049,.G-VTEA,5,0,16,12,22,06,35,08,130/
H02,---------,----------,S0285,S0585,CDA070322A/ H03,End of flight/
A01,13474,00732,13483,00732,13474,00732/
A02,06526,19268,06517,19268,06526,19268/ A03,0,0,0,0,0,0/
B01,06544,00000,00000,06552,06552,00000,06544,00000,00000/
B02,23456,30000,04000,13448,13448,04000,23456,30000,04000/
B03,0,0,0,0,0,0,0,0,0/ C01,08852,08852/ C02,11148,11148/ C03,0,0/
D01,00081,00000,00000,00081,00000,00000/
D02,19919,20000,20000,19919,20000,20000/ D03,0,0,0,0,0,0/ E01,00323,00000,00000/
E02,19677,20000,20000/ E03,0,0,0/ F01,00707,00000,00000,00711,00000,00000/
F02,19293,20000,20000,19289,20000,20000/ F03,0,0,0,0,0,0/ G01,00272,00281/
G02,19728,19719/ G03,0,0/ I01,04949,04949/ I02,15051,15051/ I03,0,0/
J01,00243,00243,00243,00243/ J02,19757,19757,19757,19757/ J03,0,0,0,0/
K01,ABM46CDR01NG00U/ : "
"QU ANPOCVS .ANPMMVS 160739 DFD FI VS4/AN G-VPRD DT DDL NET 160738 M00A -
A350,000231,1,1,TB000000/
REP209,82,04;H01,209,82,04,4002,00181,.G-VPRD,5,0,16,12,22,07,37,31,130/
H02,---------,----------,S0285,S0485,CDA170222A/ H03,End of flight/
A01,01455,01373,01455,00096,01455,01373/
A02,18545,18627,18545,19904,18545,18627/ A03,0,0,0,0,0,0/
B01,08535,00000,00000,00703,00703,00000,10115,00000,00000/
B02,21465,30000,04000,19297,19297,04000,19885,30000,04000/
B03,0,0,0,0,0,0,0,0,0/ C01,13736,13736/ C02,06264,06264/ C03,0,0/
D01,00128,00000,00000,00128,00000,00000/
D02,19872,20000,20000,19872,20000,20000/ D03,0,0,0,0,0,0/ E01,00510,00000,00000/
E02,19490,20000,20000/ E03,0,0,0/ F01,00940,00000,00000,00940,00000,00000/
F02,19060,20000,20000,19060,20000,20000/ F03,0,0,0,0,0,0/ G01,00447,00447/
G02,19553,19553/ G03,0,0/ I01,08889,00035/ I02,11111,19965/ I03,0,0/
J01,00390,00390,00390,00390/ J02,19610,19610,19610,19610/ J03,0,0,0,0/
K01,ABM57CDR00NG0B7/ : "
"QU ANPOCVS .ANPMMVS 161025 DFD FI VS138/AN G-VDOT DT DDL NET 161025 M00A -
A350,000476,1,1,TB000000/
REP209,82,04;H01,209,82,04,4002,00236,.G-VDOT,5,0,16,12,22,10,24,51,130/
H02,---------,----------,S0285,S0485,CDA170222A/ H03,End of flight/
A01,13604,00910,13670,00913,13669,00910/
A02,06396,19090,06330,19087,06331,19090/ A03,0,0,0,0,0,0/
B01,06685,00099,00000,06685,06685,00000,06632,00099,00000/
B02,23315,29901,04000,13315,13315,04000,23368,29901,04000/
B03,0,0,0,0,0,0,0,0,0/ C01,09634,09634/ C02,10366,10366/ C03,0,0/
D01,00113,00113,00113,00115,00115,00115/
D02,29887,29887,29887,29885,29885,29885/ D03,0,0,0,0,0,0/ E01,00409,00409,00409/
E02,02591,02591,02591/ E03,0,0,0/ F01,00686,00673,00049,00001,00001,00001/
F02,29314,29327,29951,29999,29999,29999/ F03,0,0,0,0,0,0/ G01,00397,00397/
G02,02603,02603/ G03,0,0/ I01,00031,01410/ I02,02969,01590/ I03,0,0/
J01,00305,00304,00300,00304/ J02,02695,02696,02700,02696/ J03,0,0,0,0/
K01,ABM57CDR00NG0B7/ : "
"QU ANPOCVS .ANPMMVS 161138 DFD FI VS8/AN G-VRNB DT DDL NET 161138 M00A -
A350,000284,1,1,TB000000/
REP209,82,04;H01,209,82,04,4002,00057,.G-VRNB,5,0,16,12,22,11,37,37,130/
H02,---------,----------,S0285,S0485,CDA170222A/ H03,End of flight/
A01,13433,00665,13435,00665,13433,00665/
A02,06567,19335,06565,19335,06567,19335/ A03,0,0,0,0,0,0/
B01,06507,00000,00000,06508,06508,00000,06505,00000,00000/
B02,23493,30000,04000,13492,13492,04000,23495,30000,04000/
B03,0,0,0,0,0,0,0,0,0/ C01,08815,08815/ C02,11185,11185/ C03,0,0/
D01,00085,00000,00000,00085,00000,00000/
D02,19915,20000,20000,19915,20000,20000/ D03,0,0,0,0,0,0/ E01,00303,00000,00000/
E02,19697,20000,20000/ E03,0,0,0/ F01,00684,00000,00000,00684,00000,00000/
F02,19316,20000,20000,19316,20000,20000/ F03,0,0,0,0,0,0/ G01,00321,00314/
G02,19679,19686/ G03,0,0/ I01,04929,04930/ I02,15071,15070/ I03,0,0/
J01,00230,00230,00230,00230/ J02,19770,19770,19770,19770/ J03,0,0,0,0/
K01,ABM57CDR00NG0B7/ : "
"QU ANPOCVS .ANPMMVS 161235 DFD FI VS10/AN G-VLIB DT DDL NET 161235 M00A -
A350,001555,1,1,TB000000/
REP209,82,04;H01,209,82,04,4002,00054,.G-VLIB,5,0,16,12,22,12,34,57,130/
H02,---------,----------,S0285,S0585,CDA070322A/ H03,End of flight/
A01,05031,00201,05031,00201,05031,00201/
A02,14969,19799,14969,19799,14969,19799/ A03,0,0,0,0,0,0/
B01,02583,00000,00000,02584,02584,00000,02584,00000,00000/
B02,27417,30000,04000,17416,17416,04000,27416,30000,04000/
B03,0,0,0,0,0,0,0,0,0/ C01,03493,03493/ C02,16507,16507/ C03,0,0/
D01,00030,00000,00000,00030,00000,00000/
D02,19970,20000,20000,19970,20000,20000/ D03,0,0,0,0,0,0/ E01,00137,00000,00000/
E02,19863,20000,20000/ E03,0,0,0/ F01,00188,00000,00000,00188,00000,00000/
F02,19812,20000,20000,19812,20000,20000/ F03,0,0,0,0,0,0/ G01,00049,00050/
G02,19951,19950/ G03,0,0/ I01,01792,01792/ I02,18208,18208/ I03,0,0/
J01,00116,00116,00116,00116/ J02,19884,19884,19884,19884/ J03,0,0,0,0/
K01,ABM46CDR01NG00U/ : "
"QU ANPOCVS .ANPMMVS 161527 DFD FI VS412/AN G-VPOP DT DDL NET 161524 M00A -
A350,000141,1,1,TB000000/
REP209,82,04;H01,209,82,04,4002,00028,.G-VPOP,5,0,16,12,22,15,24,50,130/
H02,---------,----------,S0285,S0485,CDA170222A/ H03,End of flight/
A01,01744,00094,01543,00079,01744,00094/
A02,18256,19906,18457,19921,18256,19906/ A03,0,0,0,0,0,0/
B01,03078,00000,00000,00779,00779,00000,10594,00000,00000/
B02,26922,30000,04000,19221,19221,04000,19406,30000,04000/
B03,0,0,0,0,0,0,0,0,0/ C01,14389,14389/ C02,05611,05611/ C03,0,0/
D01,00127,00127,00127,00128,00128,00128/
D02,02873,02873,02873,02872,02872,02872/ D03,0,0,0,0,0,0/ E01,00539,00539,00539/
E02,02461,02461,02461/ E03,0,0,0/ F01,00137,00137,00137,00123,00123,00123/
F02,02863,02863,02863,02877,02877,02877/ F03,0,0,0,0,0,0/ G01,00457,00458/
G02,02543,02542/ G03,0,0/ I01,00179,00236/ I02,02821,02764/ I03,0,0/
J01,00423,00422,00423,00422/ J02,02577,02578,02577,02578/ J03,0,0,0,0/
K01,ABM57CDR00NG0B7/ : "
"QU ANPOCVS .ANPMMVS 161605 DFD FI VS0301/AN G-VEVE DT DDL NET 161604 M00A -
A350,000096,1,1,TB000000/
REP209,82,04;H01,209,82,04,4002,00020,.G-VEVE,5,0,16,12,22,16,04,41,130/
H02,---------,----------,S0285,S0585,CDA070322A/ H03,End of flight/
A01,05996,00201,06827,00263,06827,00201/
A02,14004,19799,13173,19737,13173,19799/ A03,0,0,0,0,0,0/
B01,03438,00000,00000,03437,03437,00000,03437,00000,00000/
B02,26562,30000,04000,16563,16563,04000,26563,30000,04000/
B03,0,0,0,0,0,0,0,0,0/ C01,04655,04655/ C02,15345,15345/ C03,0,0/
D01,00045,00000,00000,00045,00000,00000/
D02,19955,20000,20000,19955,20000,20000/ D03,0,0,0,0,0,0/ E01,00179,00000,00000/
E02,19821,20000,20000/ E03,0,0,0/ F01,00281,00000,00000,00281,00000,00000/
F02,19719,20000,20000,19719,20000,20000/ F03,0,0,0,0,0,0/ G01,00100,00100/
G02,19900,19900/ G03,0,0/ I01,02339,02339/ I02,17661,17661/ I03,0,0/
J01,00149,00148,00149,00148/ J02,19851,19852,19851,19852/ J03,0,0,0,0/
K01,ABM46CDR01NG00U/ : "
"QU ANPOCVS .ANPMMVS 161722 DFD FI VS3/AN G-VJAM DT DDL NET 161721 M00A -
A350,000271,1,1,TB000000/
REP209,82,04;H01,209,82,04,4002,00152,.G-VJAM,5,0,16,12,22,17,21,26,130/
H02,---------,----------,S0285,S0485,CDA170222A/ H03,End of flight/
A01,00011,00605,20015,01925,20015,01925/
A02,19989,19395,00000,18075,00000,18075/ A03,0,0,1,0,1,0/
B01,09947,00000,00000,09912,09912,00000,09947,00000,00000/
B02,20053,30000,04000,10088,10088,04000,20053,30000,04000/
B03,0,0,0,0,0,0,0,0,0/ C01,13506,13506/ C02,06494,06494/ C03,0,0/
D01,00122,00000,00000,00119,00000,00000/
D02,19878,20000,20000,19881,20000,20000/ D03,0,0,0,0,0,0/ E01,00482,00000,00000/
E02,19518,20000,20000/ E03,0,0,0/ F01,00948,00000,00000,00948,00000,00000/
F02,19052,20000,20000,19052,20000,20000/ F03,0,0,0,0,0,0/ G01,00426,00426/
G02,19574,19574/ G03,0,0/ I01,01320,07821/ I02,18680,12179/ I03,0,0/
J01,00365,00365,00365,00365/ J02,19635,19635,19635,19635/ J03,0,0,0,0/
K01,ABM57CDR00NG0B7/ : "
"QU ANPOCVS .DDLMMXA 161810 DFD FI VS3/AN G-VJAM DT DDL JFK 161810 U80A -
A350,000271,1,1,TB000000/
REP209,82,04;H01,209,82,04,4002,00152,.G-VJAM,5,0,16,12,22,17,21,26,130/
H02,---------,----------,S0285,S0485,CDA170222A/ H03,End of flight/
A01,00011,00605,20015,01925,20015,01925/
A02,19989,19395,00000,18075,00000,18075/ A03,0,0,1,0,1,0/
B01,09947,00000,00000,09912,09912,00000,09947,00000,00000/
B02,20053,30000,04000,10088,10088,04000,20053,30000,04000/
B03,0,0,0,0,0,0,0,0,0/ C01,13506,13506/ C02,06494,06494/ C03,0,0/
D01,00122,00000,00000,00119,00000,00000/
D02,19878,20000,20000,19881,20000,20000/ D03,0,0,0,0,0,0/ E01,00482,00000,00000/
E02,19518,20000,20000/ E03,0,0,0/ F01,00948,00000,00000,00948,00000,00000/
F02,19052,20000,20000,19052,20000,20000/ F03,0,0,0,0,0,0/ G01,00426,00426/
G02,19574,19574/ G03,0,0/ I01,01320,07821/ I02,18680,12179/ I03,0,0/
J01,00365,00365,00365,00365/ J02,19635,19635,19635,19635/ J03,0,0,0,0/
K01,ABM57CDR00NG0B7/ : "
"QU ANPOCVS .ANPMMVS 161857 DFD FI VS103/AN G-VTEA DT DDL NET 161857 M00A -
A350,000694,1,1,TB000000/
REP209,82,04;H01,209,82,04,4002,00050,.G-VTEA,5,0,16,12,22,18,56,49,130/
H02,---------,----------,S0285,S0585,CDA070322A/ H03,End of flight/
A01,13487,00732,13496,00732,13486,00732/
A02,06513,19268,06504,19268,06514,19268/ A03,0,0,0,0,0,0/
B01,06551,00000,00000,06559,06558,00000,06551,00000,00000/
B02,23449,30000,04000,13441,13442,04000,23449,30000,04000/
B03,0,0,0,0,0,0,0,0,0/ C01,08861,08861/ C02,11139,11139/ C03,0,0/
D01,00081,00000,00000,00081,00000,00000/
D02,19919,20000,20000,19919,20000,20000/ D03,0,0,0,0,0,0/ E01,00324,00000,00000/
E02,19676,20000,20000/ E03,0,0,0/ F01,00707,00000,00000,00711,00000,00000/
F02,19293,20000,20000,19289,20000,20000/ F03,0,0,0,0,0,0/ G01,00272,00281/
G02,19728,19719/ G03,0,0/ I01,04953,04953/ I02,15047,15047/ I03,0,0/
J01,00244,00244,00244,00244/ J02,19756,19756,19756,19756/ J03,0,0,0,0/
K01,ABM46CDR01NG00U/ : "
"QU ANPOCVS .ANPMMVS 162112 DFD FI VS26/AN G-VLUX DT DDL NET 162109 M00A -
A350,000139,1,1,TB000000/
REP209,82,04;H01,209,82,04,4002,00196,.G-VLUX,5,0,16,12,22,21,07,51,130/
H02,---------,----------,S0285,S0485,CDA170222A/ H03,End of flight/
A01,01763,01656,01763,00106,01763,00105/
A02,18237,18344,18237,19894,18237,19895/ A03,0,0,0,0,0,0/
B01,10490,00000,00000,00897,00897,00000,10488,00000,00000/
B02,19510,30000,04000,19103,19103,04000,19512,30000,04000/
B03,0,0,0,0,0,0,0,0,0/ C01,14274,14274/ C02,05726,05726/ C03,0,0/
D01,00135,00135,00135,00135,00135,00135/
D02,02865,02865,02865,02865,02865,02865/ D03,0,0,0,0,0,0/ E01,00549,00549,00549/
E02,02451,02451,02451/ E03,0,0,0/ F01,00084,00160,00997,00991,00556,00993/
F02,02916,02840,02003,02009,02444,02007/ F03,0,0,0,0,0,0/ G01,00439,00440/
G02,02561,02560/ G03,0,0/ I01,01394,00382/ I02,01606,02618/ I03,0,0/
J01,00424,00424,00424,00424/ J02,02576,02576,02576,02576/ J03,0,0,0,0/
K01,ABM57CDR00NG0B7/ : "
"QU ANPOCVS .DDLMMXA 162155 DFD FI VS0/AN G-VLUX DT DDL LHR 162155 U05A -
A350,000139,1,1,TB000000/
REP209,82,04;H01,209,82,04,4002,00196,.G-VLUX,5,0,16,12,22,21,07,51,130/
H02,---------,----------,S0285,S0485,CDA170222A/ H03,End of flight/
A01,01763,01656,01763,00106,01763,00105/
A02,18237,18344,18237,19894,18237,19895/ A03,0,0,0,0,0,0/
B01,10490,00000,00000,00897,00897,00000,10488,00000,00000/
B02,19510,30000,04000,19103,19103,04000,19512,30000,04000/
B03,0,0,0,0,0,0,0,0,0/ C01,14274,14274/ C02,05726,05726/ C03,0,0/
D01,00135,00135,00135,00135,00135,00135/
D02,02865,02865,02865,02865,02865,02865/ D03,0,0,0,0,0,0/ E01,00549,00549,00549/
E02,02451,02451,02451/ E03,0,0,0/ F01,00084,00160,00997,00991,00556,00993/
F02,02916,02840,02003,02009,02444,02007/ F03,0,0,0,0,0,0/ G01,00439,00440/
G02,02561,02560/ G03,0,0/ I01,01394,00382/ I02,01606,02618/ I03,0,0/
J01,00424,00424,00424,00424/ J02,02576,02576,02576,02576/ J03,0,0,0,0/
K01,ABM57CDR00NG0B7/ : "
"QU ANPOCVS .DDLMMXA 162254 DFD FI VS45/AN G-VRNB DT DDL JFK 162254 U91A -
A350,000359,1,1,TB000000/
REP209,82,04;H01,209,82,04,4002,00058,.G-VRNB,5,0,16,12,22,22,54,33,130/
H02,---------,----------,S0285,S0485,CDA170222A/ H03,End of flight/
A01,13444,00665,13446,00665,13444,00665/
A02,06556,19335,06554,19335,06556,19335/ A03,0,0,0,0,0,0/
B01,06512,00000,00000,06513,06513,00000,06510,00000,00000/
B02,23488,30000,04000,13487,13487,04000,23490,30000,04000/
B03,0,0,0,0,0,0,0,0,0/ C01,08823,08823/ C02,11177,11177/ C03,0,0/
D01,00086,00000,00000,00086,00000,00000/
D02,19914,20000,20000,19914,20000,20000/ D03,0,0,0,0,0,0/ E01,00304,00000,00000/
E02,19696,20000,20000/ E03,0,0,0/ F01,00684,00000,00000,00684,00000,00000/
F02,19316,20000,20000,19316,20000,20000/ F03,0,0,0,0,0,0/ G01,00321,00314/
G02,19679,19686/ G03,0,0/ I01,04934,04934/ I02,15066,15066/ I03,0,0/
J01,00230,00230,00230,00230/ J02,19770,19770,19770,19770/ J03,0,0,0,0/
K01,ABM57CDR00NG0B7/ : "
"QU ANPOCVS .ANPMMVS 170045 DFD FI VS7/AN G-VPRD DT DDL NET 170045 M00A -
A350,000307,1,1,TB000000/
REP209,82,04;H01,209,82,04,4002,00182,.G-VPRD,5,0,17,12,22,00,44,50,130/
H02,---------,----------,S0285,S0485,CDA170222A/ H03,End of flight/
A01,01472,01373,01472,00096,01472,01373/
A02,18528,18627,18528,19904,18528,18627/ A03,0,0,0,0,0,0/
B01,08543,00000,00000,00711,00711,00000,10123,00000,00000/
B02,21457,30000,04000,19289,19289,04000,19877,30000,04000/
B03,0,0,0,0,0,0,0,0,0/ C01,13747,13747/ C02,06253,06253/ C03,0,0/
D01,00128,00000,00000,00128,00000,00000/
D02,19872,20000,20000,19872,20000,20000/ D03,0,0,0,0,0,0/ E01,00510,00000,00000/
E02,19490,20000,20000/ E03,0,0,0/ F01,00940,00000,00000,00940,00000,00000/
F02,19060,20000,20000,19060,20000,20000/ F03,0,0,0,0,0,0/ G01,00447,00447/
G02,19553,19553/ G03,0,0/ I01,08893,00041/ I02,11107,19959/ I03,0,0/
J01,00391,00391,00391,00391/ J02,19609,19609,19609,19609/ J03,0,0,0,0/
K01,ABM57CDR00NG0B7/ : "
"QU ANPOCVS .DDLMMXA 170115 DFD FI VS0/AN G-VPRD DT DDL LAX 170114 U06A -
A350,000307,1,1,TB000000/
REP209,82,04;H01,209,82,04,4002,00182,.G-VPRD,5,0,17,12,22,00,44,50,130/
H02,---------,----------,S0285,S0485,CDA170222A/ H03,End of flight/
A01,01472,01373,01472,00096,01472,01373/
A02,18528,18627,18528,19904,18528,18627/ A03,0,0,0,0,0,0/
B01,08543,00000,00000,00711,00711,00000,10123,00000,00000/
B02,21457,30000,04000,19289,19289,04000,19877,30000,04000/
B03,0,0,0,0,0,0,0,0,0/ C01,13747,13747/ C02,06253,06253/ C03,0,0/
D01,00128,00000,00000,00128,00000,00000/
D02,19872,20000,20000,19872,20000,20000/ D03,0,0,0,0,0,0/ E01,00510,00000,00000/
E02,19490,20000,20000/ E03,0,0,0/ F01,00940,00000,00000,00940,00000,00000/
F02,19060,20000,20000,19060,20000,20000/ F03,0,0,0,0,0,0/ G01,00447,00447/
G02,19553,19553/ G03,0,0/ I01,08893,00041/ I02,11107,19959/ I03,0,0/
J01,00391,00391,00391,00391/ J02,19609,19609,19609,19609/ J03,0,0,0,0/
K01,ABM57CDR00NG0B7/ : "
"QU ANPOCVS .ANPMMVS 170255 DFD FI VS9/AN G-VEVE DT DDL NET 170254 M00A -
A350,000169,1,1,TB000000/
REP209,82,04;H01,209,82,04,4002,00021,.G-VEVE,5,0,17,12,22,02,54,46,130/
H02,---------,----------,S0285,S0585,CDA070322A/ H03,End of flight/
A01,06007,00201,06838,00263,06838,00201/
A02,13993,19799,13162,19737,13162,19799/ A03,0,0,0,0,0,0/
B01,03443,00000,00000,03443,03443,00000,03442,00000,00000/
B02,26557,30000,04000,16557,16557,04000,26558,30000,04000/
B03,0,0,0,0,0,0,0,0,0/ C01,04663,04663/ C02,15337,15337/ C03,0,0/
D01,00045,00000,00000,00045,00000,00000/
D02,19955,20000,20000,19955,20000,20000/ D03,0,0,0,0,0,0/ E01,00180,00000,00000/
E02,19820,20000,20000/ E03,0,0,0/ F01,00281,00000,00000,00281,00000,00000/
F02,19719,20000,20000,19719,20000,20000/ F03,0,0,0,0,0,0/ G01,00100,00100/
G02,19900,19900/ G03,0,0/ I01,02343,02343/ I02,17657,17657/ I03,0,0/
J01,00149,00149,00149,00149/ J02,19851,19851,19851,19851/ J03,0,0,0,0/
K01,ABM46CDR01NG00U/ : "
"QU ANPOCVS .DDLMMXA 170402 DFD FI VS300/AN G-VLIB DT BKK DEL 170402 U19A -
A350,001627,1,1,TB000000/
REP209,82,04;H01,209,82,04,4002,00055,.G-VLIB,5,0,17,12,22,03,55,48,130/
H02,---------,----------,S0285,S0585,CDA070322A/ H03,End of flight/
A01,05046,00201,05046,00201,05046,00201/
A02,14954,19799,14954,19799,14954,19799/ A03,0,0,0,0,0,0/
B01,02590,00000,00000,02590,02590,00000,02591,00000,00000/
B02,27410,30000,04000,17410,17410,04000,27409,30000,04000/
B03,0,0,0,0,0,0,0,0,0/ C01,03502,03502/ C02,16498,16498/ C03,0,0/
D01,00030,00000,00000,00030,00000,00000/
D02,19970,20000,20000,19970,20000,20000/ D03,0,0,0,0,0,0/ E01,00137,00000,00000/
E02,19863,20000,20000/ E03,0,0,0/ F01,00188,00000,00000,00188,00000,00000/
F02,19812,20000,20000,19812,20000,20000/ F03,0,0,0,0,0,0/ G01,00049,00050/
G02,19951,19950/ G03,0,0/ I01,01799,01799/ I02,18201,18201/ I03,0,0/
J01,00116,00116,00116,00116/ J02,19884,19884,19884,19884/ J03,0,0,0,0/
K01,ABM46CDR01NG00U/ : "
"QU ANPOCVS .ANPMMVS 170415 DFD FI VS25/AN G-VPOP DT DDL NET 170415 M00A -
A350,000214,1,1,TB000000/
REP209,82,04;H01,209,82,04,4002,00029,.G-VPOP,5,0,17,12,22,04,14,50,130/
H02,---------,----------,S0285,S0485,CDA170222A/ H03,End of flight/
A01,01757,00094,01556,00079,01757,00094/
A02,18243,19906,18444,19921,18243,19906/ A03,0,0,0,0,0,0/
B01,03083,00000,00000,00785,00785,00000,10599,00000,00000/
B02,26917,30000,04000,19215,19215,04000,19401,30000,04000/
B03,0,0,0,0,0,0,0,0,0/ C01,14396,14396/ C02,05604,05604/ C03,0,0/
D01,00127,00127,00127,00128,00128,00128/
D02,02873,02873,02873,02872,02872,02872/ D03,0,0,0,0,0,0/ E01,00540,00540,00540/
E02,02460,02460,02460/ E03,0,0,0/ F01,00138,00138,00138,00123,00123,00123/
F02,02862,02862,02862,02877,02877,02877/ F03,0,0,0,0,0,0/ G01,00457,00458/
G02,02543,02542/ G03,0,0/ I01,00185,00242/ I02,02815,02758/ I03,0,0/
J01,00423,00423,00423,00423/ J02,02577,02577,02577,02577/ J03,0,0,0,0/
K01,ABM57CDR00NG0B7/ : "
"QU ANPOCVS .ANPMMVS 170627 DFD FI VS4/AN G-VJAM DT DDL NET 170625 M00A -
A350,000069,1,1,TB000000/
REP209,82,04;H01,209,82,04,4002,00153,.G-VJAM,5,0,17,12,22,06,25,36,130/
H02,---------,----------,S0285,S0485,CDA170222A/ H03,End of flight/
A01,00011,00618,20015,01938,20015,01938/
A02,19989,19382,00000,18062,00000,18062/ A03,0,0,1,0,1,0/
B01,09952,00000,00000,09918,09918,00000,09953,00000,00000/
B02,20048,30000,04000,10082,10082,04000,20047,30000,04000/
B03,0,0,0,0,0,0,0,0,0/ C01,13514,13514/ C02,06486,06486/ C03,0,0/
D01,00122,00000,00000,00119,00000,00000/
D02,19878,20000,20000,19881,20000,20000/ D03,0,0,0,0,0,0/ E01,00482,00000,00000/
E02,19518,20000,20000/ E03,0,0,0/ F01,00950,00000,00000,00950,00000,00000/
F02,19050,20000,20000,19050,20000,20000/ F03,0,0,0,0,0,0/ G01,00426,00426/
G02,19574,19574/ G03,0,0/ I01,01320,07821/ I02,18680,12179/ I03,0,0/
J01,00365,00365,00365,00365/ J02,19635,19635,19635,19635/ J03,0,0,0,0/
K01,ABM57CDR00NG0B7/ : "
"QU ANPOCVS .DDLMMXA 170630 DFD FI VS411/AN G-VLUX DT DDL LOS 170630 U66A -
A350,000050,1,1,TB000000/
REP209,82,04;H01,209,82,04,4002,00197,.G-VLUX,5,0,17,12,22,06,26,20,130/
H02,---------,----------,S0285,S0485,CDA170222A/ H03,End of flight/
A01,01772,01656,01773,00106,01773,00105/
A02,18228,18344,18227,19894,18227,19895/ A03,0,0,0,0,0,0/
B01,10495,00000,00000,00902,00902,00000,10493,00000,00000/
B02,19505,30000,04000,19098,19098,04000,19507,30000,04000/
B03,0,0,0,0,0,0,0,0,0/ C01,14280,14280/ C02,05720,05720/ C03,0,0/
D01,00135,00135,00135,00135,00135,00135/
D02,02865,02865,02865,02865,02865,02865/ D03,0,0,0,0,0,0/ E01,00549,00549,00549/
E02,02451,02451,02451/ E03,0,0,0/ F01,00086,00162,00998,00993,00558,00994/
F02,02914,02838,02002,02007,02442,02006/ F03,0,0,0,0,0,0/ G01,00442,00442/
G02,02558,02558/ G03,0,0/ I01,01399,00387/ I02,01601,02613/ I03,0,0/
J01,00425,00425,00425,00425/ J02,02575,02575,02575,02575/ J03,0,0,0,0/
K01,ABM57CDR00NG0B7/ : "
"QU ANPOCVS .ANPMMVS 170647 DFD FI VS104/AN G-VTEA DT DDL NET 170641 M00A -
A350,000764,1,1,TB000000/
REP209,82,04;H01,209,82,04,4002,00051,.G-VTEA,5,0,17,12,22,06,41,20,130/
H02,---------,----------,S0285,S0585,CDA070322A/ H03,End of flight/
A01,13495,00732,13504,00732,13495,00732/
A02,06505,19268,06496,19268,06505,19268/ A03,0,0,0,0,0,0/
B01,06557,00000,00000,06564,06564,00000,06557,00000,00000/
B02,23443,30000,04000,13436,13436,04000,23443,30000,04000/
B03,0,0,0,0,0,0,0,0,0/ C01,08869,08869/ C02,11131,11131/ C03,0,0/
D01,00081,00000,00000,00081,00000,00000/
D02,19919,20000,20000,19919,20000,20000/ D03,0,0,0,0,0,0/ E01,00324,00000,00000/
E02,19676,20000,20000/ E03,0,0,0/ F01,00708,00000,00000,00712,00000,00000/
F02,19292,20000,20000,19288,20000,20000/ F03,0,0,0,0,0,0/ G01,00272,00281/
G02,19728,19719/ G03,0,0/ I01,04954,04954/ I02,15046,15046/ I03,0,0/
J01,00244,00244,00244,00244/ J02,19756,19756,19756,19756/ J03,0,0,0,0/
K01,ABM46CDR01NG00U/ : "
"QU ANPOCVS .DDLMMXA 171000 DFD FI VS138/AN G-VRNB DT DDL LHR 171000 U10A -
A350,000444,1,1,TB000000/
REP209,82,04;H01,209,82,04,4002,00059,.G-VRNB,5,0,17,12,22,09,59,54,130/
H02,---------,----------,S0285,S0485,CDA170222A/ H03,End of flight/
A01,13455,00665,13457,00665,13455,00665/
A02,06545,19335,06543,19335,06545,19335/ A03,0,0,0,0,0,0/
B01,06517,00000,00000,06519,06519,00000,06515,00000,00000/
B02,23483,30000,04000,13481,13481,04000,23485,30000,04000/
B03,0,0,0,0,0,0,0,0,0/ C01,08831,08831/ C02,11169,11169/ C03,0,0/
D01,00086,00000,00000,00086,00000,00000/
D02,19914,20000,20000,19914,20000,20000/ D03,0,0,0,0,0,0/ E01,00304,00000,00000/
E02,19696,20000,20000/ E03,0,0,0/ F01,00684,00000,00000,00684,00000,00000/
F02,19316,20000,20000,19316,20000,20000/ F03,0,0,0,0,0,0/ G01,00322,00315/
G02,19678,19685/ G03,0,0/ I01,04939,04939/ I02,15061,15061/ I03,0,0/
J01,00230,00230,00230,00230/ J02,19770,19770,19770,19770/ J03,0,0,0,0/
K01,ABM57CDR00NG0B7/ : "
